mol_name,label,center,mmff_angle,dft_angle,delta
1-propanol,C-H_C,C,110.9423717795097,111.04203465486046,0.09966287535075935
1-propanol,C-H_C,C,110.15223598661298,111.16574205307326,1.0135060664602804
1-propanol,C-H_C,C,111.35109360507491,110.64873705178574,-0.7023565532891638
1-propanol,H-H_C,C,108.05119301516429,107.73122967711384,-0.3199633380504423
1-propanol,H-H_C,C,108.32667721084817,107.84796942607545,-0.47870778477272324
1-propanol,H-H_C,C,107.8997292885171,108.27228631010341,0.3725570215863172
1-propanol,C-C_C,C,112.36412813145633,113.28558145387956,0.9214533224232326
1-propanol,C-H_C,C,108.43499550887555,109.96149000413567,1.526494495260124
1-propanol,C-H_C,C,109.2138284282699,110.25322888773864,1.0394004594687374
1-propanol,C-H_C,C,109.58622296399867,108.21548737615565,-1.370735587843015
1-propanol,C-H_C,C,109.37202094044731,108.09313493941461,-1.2788860010327028
1-propanol,H-H_C,C,107.75774085029308,106.79701216258903,-0.960728687704048
1-propanol,C-O_C,C,109.92980839354071,108.27585567808903,-1.6539527154516804
1-propanol,C-H_C,C,110.01001586090187,109.71145952681195,-0.2985563340899233
1-propanol,C-H_C,C,110.98840905632606,109.63171618853399,-1.356692867792077
1-propanol,H-O_C,C,108.31539934031562,110.87951920387724,2.564119863561615
1-propanol,H-O_C,C,108.81165179148199,110.93967308081805,2.1280212893360613
1-propanol,H-H_C,C,108.72683001065337,107.39610101889959,-1.3307289917537872
1-propanol,C-H_O,O,107.0669796666604,107.97135472624176,0.9043750595813549
2-ethylpyrazine,C-H_C,C,110.03862756813736,110.0683148876301,0.029687319492737174
2-ethylpyrazine,C-H_C,C,111.35736582604704,111.78989454365957,0.4325287176125272
2-ethylpyrazine,C-H_C,C,111.35770596638646,111.7883202581961,0.43061429180963273
2-ethylpyrazine,H-H_C,C,107.77055409333946,107.54684005924213,-0.22371403409732693
2-ethylpyrazine,H-H_C,C,107.77289691895369,107.5483635823209,-0.2245333366327884
2-ethylpyrazine,H-H_C,C,108.40377928274691,107.9076224756475,-0.49615680709941046
2-ethylpyrazine,C-C_C,C,117.06863266757111,116.34376286771423,-0.7248697998568758
2-ethylpyrazine,C-H_C,C,108.33649688434558,109.94046806176694,1.6039711774213572
2-ethylpyrazine,C-H_C,C,108.33917052158458,109.93768507487302,1.5985145532884388
2-ethylpyrazine,C-H_C,C,107.83628954196793,107.44116575571155,-0.39512378625637723
2-ethylpyrazine,C-H_C,C,107.83602105777331,107.443233233508,-0.3927878242653122
2-ethylpyrazine,H-H_C,C,107.00603519116365,105.11117739370549,-1.8948577974581582
2-ethylpyrazine,C-C_C,C,123.99107018654597,123.9005408741925,-0.09052931235346762
2-ethylpyrazine,C-N_C,C,115.59048614474221,115.92646914436777,0.335982999625557
2-ethylpyrazine,C-N_C,C,120.41844319015456,120.17298996518605,-0.2454532249685144
2-ethylpyrazine,C-N_C,C,123.29350304563536,122.86441628024585,-0.4290867653895134
2-ethylpyrazine,C-H_C,C,122.42442881611613,121.02165665087625,-1.402772165239881
2-ethylpyrazine,H-N_C,C,114.2820681376284,116.11392705813131,1.8318589205029099
2-ethylpyrazine,C-C_N,N,115.28886203458482,116.19688464463573,0.9080226100509066
2-ethylpyrazine,C-N_C,C,122.21184483940186,121.55127952488932,-0.6605653145125387
2-ethylpyrazine,H-N_C,C,116.1583618308349,117.25404327498032,1.0956814441454128
2-ethylpyrazine,C-H_C,C,121.62979332809303,121.19467719927579,-0.43511612881724204
2-ethylpyrazine,C-N_C,C,122.39383115538219,122.14620790303776,-0.24762325234442528
2-ethylpyrazine,C-H_C,C,121.594434964527,120.92306670699634,-0.6713682575306592
2-ethylpyrazine,H-N_C,C,116.01173387825806,116.93072538958606,0.9189915113280023
2-ethylpyrazine,C-C_N,N,116.39351568556003,117.06822167211703,0.6747059865570009
2-propanol,C-H_C,C,110.35725143909127,110.33791209050214,-0.01933934858912778
2-propanol,C-H_C,C,111.08921795785454,110.66497760827987,-0.42424034957467427
2-propanol,C-H_C,C,111.29012627196406,111.41464913666994,0.12452286470588092
2-propanol,H-H_C,C,106.6645689065404,108.16450551887102,1.4999366123306288
2-propanol,H-H_C,C,108.63255796519638,108.57287204922869,-0.05968591596769102
2-propanol,H-H_C,C,108.65990451963773,107.5743893213759,-1.085515198261831
2-propanol,C-O_C,C,109.21602594559685,111.10094598248861,1.8849200368917565
2-propanol,C-C_C,C,111.88672895780049,112.63932862520264,0.7525996674021513
2-propanol,C-H_C,C,109.49646720589183,108.84042917074716,-0.6560380351446753
2-propanol,C-O_C,C,109.21606627398738,111.10094598248861,1.8848797085012308
2-propanol,H-O_C,C,107.42294741459604,103.9054425449271,-3.51750486966894
2-propanol,C-H_C,C,109.4964440007843,108.84042917074716,-0.6560148300371367
2-propanol,C-H_O,O,107.92553764972783,107.10824096155888,-0.8172966881689518
2-propanol,C-H_C,C,110.35725091956064,110.33791209050214,-0.01933882905849771
2-propanol,C-H_C,C,111.08914642499438,110.66497760827987,-0.4241688167145128
2-propanol,C-H_C,C,111.29018634281952,111.41464236794015,0.12445602512062237
2-propanol,H-H_C,C,106.6644764219425,108.16450551887102,1.5000290969285288
2-propanol,H-H_C,C,108.63263904316936,108.57286103429695,-0.05977800887241358
2-propanol,H-H_C,C,108.65992513222945,107.57440746607831,-1.0855176661511337
3-methylbut-1-ene,C-H_C,C,122.67347404037348,122.55090682990425,-0.12256721046922792
3-methylbut-1-ene,C-H_C,C,120.41978898028388,121.2524208889918,0.8326319087079099
3-methylbut-1-ene,H-H_C,C,116.90657211214835,116.19649265090737,-0.71007946124098
3-methylbut-1-ene,C-C_C,C,127.54515930457414,127.34669869639467,-0.19846060817947375
3-methylbut-1-ene,C-H_C,C,117.39838004203999,118.32239776103998,0.9240177189999912
3-methylbut-1-ene,C-H_C,C,115.05438350160706,114.32660495726542,-0.7277785443416462
3-methylbut-1-ene,C-C_C,C,115.3107645440469,114.07884862521783,-1.231915918829074
3-methylbut-1-ene,C-C_C,C,109.61674401043877,109.98232330056514,0.3655792901263766
3-methylbut-1-ene,C-H_C,C,106.73376098898186,106.72332247932952,-0.010438509652331618
3-methylbut-1-ene,C-C_C,C,109.85433907897252,111.11418097442835,1.2598418954558355
3-methylbut-1-ene,C-H_C,C,107.19273712929684,107.74187540376658,0.5491382744697404
3-methylbut-1-ene,C-H_C,C,107.81563768151564,106.82245341161978,-0.9931842698958633
3-methylbut-1-ene,C-H_C,C,111.683165887515,111.13858724881219,-0.5445786387028164
3-methylbut-1-ene,C-H_C,C,110.52815373331,110.47146038379832,-0.05669334951168992
3-methylbut-1-ene,C-H_C,C,111.12836650839355,111.57307797758706,0.444711469193507
3-methylbut-1-ene,H-H_C,C,107.61457303998154,107.66761361406999,0.05304057408845608
3-methylbut-1-ene,H-H_C,C,108.3206605904203,107.94780519492583,-0.37285539549446867
3-methylbut-1-ene,H-H_C,C,107.39481808633843,107.88725957526343,0.49244148892499595
3-methylbut-1-ene,C-H_C,C,111.1625709299972,111.4191015141386,0.2565305841414016
3-methylbut-1-ene,C-H_C,C,111.38576038016919,110.6691281324817,-0.7166322476874853
3-methylbut-1-ene,C-H_C,C,110.77325365721322,110.89601031119109,0.1227566539778735
3-methylbut-1-ene,H-H_C,C,107.891730322861,107.74682815397694,-0.14490216888405882
3-methylbut-1-ene,H-H_C,C,107.53342221549806,107.87288900644144,0.3394667909433764
3-methylbut-1-ene,H-H_C,C,107.93308243492778,108.0974425576056,0.1643601226778202
4-methoxy-N_N-dimethyl-benzamide,H-O_C,C,111.15510633292371,111.53573137486339,0.3806250419396804
4-methoxy-N_N-dimethyl-benzamide,H-O_C,C,107.77908587692666,105.85478441694671,-1.9243014599799437
4-methoxy-N_N-dimethyl-benzamide,H-O_C,C,111.10283281274316,111.55361319125628,0.4507803785131159
4-methoxy-N_N-dimethyl-benzamide,H-H_C,C,107.7032223373125,109.3178295812755,1.6146072439630075
4-methoxy-N_N-dimethyl-benzamide,H-H_C,C,111.21608165473454,109.2049182042294,-2.011163450505137
4-methoxy-N_N-dimethyl-benzamide,H-H_C,C,107.69771732597539,109.29194013118286,1.5942228052074654
4-methoxy-N_N-dimethyl-benzamide,C-C_O,O,116.88944524706706,118.37599437134905,1.4865491242819928
4-methoxy-N_N-dimethyl-benzamide,C-O_C,C,125.9841403467503,124.70300131565503,-1.2811390310952646
4-methoxy-N_N-dimethyl-benzamide,C-O_C,C,114.55457394404864,115.67241918875885,1.1178452447102103
4-methoxy-N_N-dimethyl-benzamide,C-C_C,C,119.46055262475184,119.62312187040602,0.16256924565418274
4-methoxy-N_N-dimethyl-benzamide,C-C_C,C,120.1159111492591,119.54037013741707,-0.5755410118420343
4-methoxy-N_N-dimethyl-benzamide,C-H_C,C,121.92685131521698,121.0232040823152,-0.9036472329017755
4-methoxy-N_N-dimethyl-benzamide,C-H_C,C,117.95572675318625,119.4329318749073,1.4772051217210418
4-methoxy-N_N-dimethyl-benzamide,C-C_C,C,120.06600035182245,121.45102399035822,1.3850236385357704
4-methoxy-N_N-dimethyl-benzamide,C-H_C,C,120.00305825182649,119.97515990807565,-0.027898343750834442
4-methoxy-N_N-dimethyl-benzamide,C-H_C,C,119.93035121304656,118.57140310961759,-1.3589481034289719
4-methoxy-N_N-dimethyl-benzamide,C-C_C,C,118.93863691094114,117.77078045854398,-1.1678564523971602
4-methoxy-N_N-dimethyl-benzamide,C-C_C,C,120.06848102000292,118.29460170903823,-1.7738793109646878
4-methoxy-N_N-dimethyl-benzamide,C-C_C,C,120.90597762509417,123.65604029672899,2.750062671634822
4-methoxy-N_N-dimethyl-benzamide,C-O_C,C,117.39498736026067,119.94386995881726,2.548882598556588
4-methoxy-N_N-dimethyl-benzamide,C-N_C,C,119.15245947696471,118.60586824823675,-0.5465912287279622
4-methoxy-N_N-dimethyl-benzamide,N-O_C,C,123.44719885595146,121.39600896990099,-2.051189886050466
4-methoxy-N_N-dimethyl-benzamide,C-C_N,N,118.09413818816374,117.38105836158529,-0.7130798265784506
4-methoxy-N_N-dimethyl-benzamide,C-C_N,N,124.56627916621213,124.65030081768056,0.08402165146843288
4-methoxy-N_N-dimethyl-benzamide,C-C_N,N,116.03685414674715,114.65715392513711,-1.3797002216100367
4-methoxy-N_N-dimethyl-benzamide,H-N_C,C,109.10910376751566,109.2348395644632,0.1257357969475379
4-methoxy-N_N-dimethyl-benzamide,H-N_C,C,111.52638486881347,109.1272527994349,-2.3991320693785667
4-methoxy-N_N-dimethyl-benzamide,H-N_C,C,108.73064959769493,111.58248536825381,2.8518357705588784
4-methoxy-N_N-dimethyl-benzamide,H-H_C,C,108.74585591685974,110.01010656553764,1.2642506486779013
4-methoxy-N_N-dimethyl-benzamide,H-H_C,C,109.69698435785654,108.42876020032014,-1.2682241575363946
4-methoxy-N_N-dimethyl-benzamide,H-H_C,C,109.01529141788635,108.44391822871347,-0.5713731891728742
4-methoxy-N_N-dimethyl-benzamide,H-N_C,C,108.73338568572174,110.00037910165578,1.2669934159340386
4-methoxy-N_N-dimethyl-benzamide,H-N_C,C,108.52547106491569,111.08011323273459,2.5546421678188977
4-methoxy-N_N-dimethyl-benzamide,H-N_C,C,112.8084399007224,110.83308343378302,-1.9753564669393882
4-methoxy-N_N-dimethyl-benzamide,H-H_C,C,109.25303946138222,107.85041852426389,-1.4026209371183285
4-methoxy-N_N-dimethyl-benzamide,H-H_C,C,107.71742140313386,108.16281717125189,0.4453957681180327
4-methoxy-N_N-dimethyl-benzamide,H-H_C,C,109.74928045405133,108.81595078535575,-0.9333296686955777
4-methoxy-N_N-dimethyl-benzamide,C-C_C,C,119.5561396947455,120.93236196927606,1.3762222745305621
4-methoxy-N_N-dimethyl-benzamide,C-H_C,C,120.581242939865,119.89644901592875,-0.6847939239362546
4-methoxy-N_N-dimethyl-benzamide,C-H_C,C,119.85866993839247,119.14942224267945,-0.7092476957130174
4-methoxy-N_N-dimethyl-benzamide,C-C_C,C,120.69944431431732,120.12458239628242,-0.5748619180348982
4-methoxy-N_N-dimethyl-benzamide,C-H_C,C,119.71680387159013,121.33811802888742,1.6213141572972916
4-methoxy-N_N-dimethyl-benzamide,C-H_C,C,119.58042414500407,118.5350529733854,-1.0453711716186689
MEK,C-H_C,C,110.38717298885403,110.5729081212991,0.18573513244506046
MEK,C-H_C,C,111.0098665625665,110.39399170228104,-0.6158748602854587
MEK,C-H_C,C,111.26345124466818,111.61400042961709,0.3505491849489175
MEK,H-H_C,C,108.3175964274913,108.28031061916472,-0.03728580832657258
MEK,H-H_C,C,108.05387432780896,107.76004796887375,-0.29382635893520614
MEK,H-H_C,C,107.68795473951353,108.1014409379583,0.4134861984447724
MEK,C-C_C,C,111.25595475684322,110.67883909751296,-0.5771156593302607
MEK,C-H_C,C,111.02225279659055,109.85364344818981,-1.1686093484007358
MEK,C-H_C,C,110.1005918069097,109.55735852608841,-0.5432332808212976
MEK,C-H_C,C,108.98171343249024,110.54546288209966,1.5637494496094178
MEK,C-H_C,C,108.28464506101814,107.72637920795263,-0.5582658530655067
MEK,H-H_C,C,107.06391219603192,108.4204099498569,1.356497753824982
MEK,C-C_C,C,117.3417671846388,117.04720507230016,-0.2945621123386388
MEK,C-O_C,C,121.31682491408948,121.06630092257627,-0.25052399151320515
MEK,C-O_C,C,121.32613853250807,121.8705547178066,0.5444161852985303
MEK,C-H_C,C,109.88981209054835,111.04193989371973,1.152127803171382
MEK,C-H_C,C,109.56625361540162,110.13125297716633,0.5649993617647056
MEK,C-H_C,C,109.6922817386312,109.65325976992823,-0.03902196870296848
MEK,H-H_C,C,108.9616761110335,109.95832195970407,0.9966458486705676
MEK,H-H_C,C,110.23282028435692,106.7324617873182,-3.500358497038718
MEK,H-H_C,C,108.47227826071386,109.25096627137559,0.7786880106617247
THF,C-C_C,C,101.88068803137035,101.52232503899924,-0.3583629923711129
THF,C-H_C,C,109.75856848212726,110.29911242125418,0.5405439391269198
THF,C-H_C,C,113.79246699709928,113.59163262512735,-0.20083437197193632
THF,C-H_C,C,109.94886268163802,110.4438687653258,0.49500608368778387
THF,C-H_C,C,113.02492227460864,112.8460369353167,-0.17888533929193784
THF,H-H_C,C,108.30050568139717,108.05656823624754,-0.24393744514962634
THF,C-C_C,C,101.88067388373143,101.5222836763415,-0.358390207389931
THF,C-H_C,C,109.7585215458868,110.29906310833164,0.5405415624448437
THF,C-H_C,C,113.79257026415486,113.59159080030751,-0.20097946384734655
THF,C-H_C,C,109.94882918352215,110.44383551703916,0.4950063335170114
THF,C-H_C,C,113.02489404621156,112.84610592296426,-0.1787881232473012
THF,H-H_C,C,108.30051908824886,108.05665339295427,-0.24386569529458768
THF,C-O_C,C,106.74687232279084,106.43670017564024,-0.3101721471505954
THF,C-H_C,C,111.21942034983665,111.0330321766109,-0.18638817322575107
THF,C-H_C,C,112.63781174811498,113.2073124312071,0.5695006830921159
THF,H-O_C,C,107.74058981523925,109.43659652232704,1.6960067070877898
THF,H-O_C,C,109.73773160476797,108.72426578367882,-1.0134658210891558
THF,H-H_C,C,108.63255418903715,107.93910426845812,-0.6934499205790274
THF,C-C_O,O,108.4550290646004,110.0236366302109,1.568607565610506
THF,C-O_C,C,106.74688314120289,106.43668535735169,-0.31019778385119423
THF,H-O_C,C,107.74055561805565,109.43659264077093,1.6960370227152737
THF,H-O_C,C,109.73782835758247,108.72418915276207,-1.0136392048204073
THF,C-H_C,C,111.21941162825166,111.0331129285748,-0.1862986996768683
THF,C-H_C,C,112.63782531899798,113.20735543815124,0.5695301191532565
THF,H-H_C,C,108.63247827082976,107.93907196161199,-0.693406309217778
acetaldehyde,C-H_C,C,110.06804107420476,110.44311232703643,0.375071252831674
acetaldehyde,C-H_C,C,109.1029308449493,109.84704123163476,0.7441103866854633
acetaldehyde,C-H_C,C,109.10307609399153,109.84755549713591,0.744479403144382
acetaldehyde,H-H_C,C,109.43760990246749,109.98710911179381,0.5494992093263278
acetaldehyde,H-H_C,C,109.43764515146738,109.98706167921695,0.5494165277495711
acetaldehyde,H-H_C,C,109.6777881511264,106.65656071122717,-3.021227439899235
acetaldehyde,C-O_C,C,123.4479479616597,124.67390398092374,1.2259560192640464
acetaldehyde,C-H_C,C,115.59751964371712,114.8305053852487,-0.7670142584684214
acetaldehyde,H-O_C,C,120.95453239440421,120.49558876801628,-0.45894362638793496
acetamide,C-H_C,C,109.10241607354376,108.78735808737846,-0.3150579861653
acetamide,C-H_C,C,111.57475822157164,113.96011888155488,2.3853606599832347
acetamide,C-H_C,C,109.08649781602864,108.61669454200215,-0.46980327402648925
acetamide,H-H_C,C,108.73933541960602,108.89433877318469,0.1550033535786639
acetamide,H-H_C,C,109.82720357996419,107.34407655862701,-2.4831270213371823
acetamide,H-H_C,C,108.49498214482512,109.03548179968013,0.5404996548550116
acetamide,C-N_C,C,115.51972811876536,115.44372923210973,-0.0759988866556256
acetamide,C-O_C,C,123.23670200362886,122.28892333547579,-0.9477786681530773
acetamide,N-O_C,C,121.24345018769918,122.26644505776159,1.022994870062405
acetamide,C-H_N,N,116.92949109918251,117.94335872778043,1.0138676285979216
acetamide,C-H_N,N,122.74607576543292,122.72772601505793,-0.018349750374994755
acetamide,H-H_N,N,118.31007109618498,118.4700000511518,0.1599289549668157
acetic_acid,C-H_C,C,109.81853881102002,110.02384018809107,0.20530137707105212
acetic_acid,C-H_C,C,109.81847627786924,110.02396465193975,0.20548837407051224
acetic_acid,C-H_C,C,109.30482845838979,109.49313491687316,0.18830645848336758
acetic_acid,H-H_C,C,110.61039145437587,107.27664613270706,-3.3337453216688147
acetic_acid,H-H_C,C,108.62796802554755,109.99890366886848,1.3709356433209337
acetic_acid,H-H_C,C,108.62790733940405,109.99887768087443,1.3709703414703824
acetic_acid,C-O_C,C,126.55759090405854,126.14577350760072,-0.41181739645782045
acetic_acid,C-O_C,C,112.42336595889284,111.39569618373133,-1.0276697751615131
acetic_acid,O-O_C,C,121.01904313697037,122.45853028419147,1.4394871472211008
acetic_acid,C-H_O,O,104.0525413780546,105.92310893720799,1.8705675591533861
acetone,C-H_C,C,109.58301397979413,110.52135086559802,0.9383368858038921
acetone,C-H_C,C,109.71183210065942,109.8268561000776,0.11502399941818453
acetone,C-H_C,C,109.58302632255673,110.52136856512388,0.9383422425671455
acetone,H-H_C,C,108.86827825656471,109.56780955699122,0.6995313004265142
acetone,H-H_C,C,110.2093159621034,106.78376577622558,-3.4255501858778246
acetone,H-H_C,C,108.8681546918218,109.56783296951369,0.6996782776918877
acetone,C-C_C,C,116.7271171559963,116.53426722518249,-0.1928499308138072
acetone,C-O_C,C,121.63640701341332,121.73286638738341,0.09645937397009163
acetone,C-O_C,C,121.63647583053584,121.73286638738341,0.0963905568475667
acetone,C-H_C,C,109.58304257906875,110.52136856512388,0.9383259860551334
acetone,C-H_C,C,109.71177917056794,109.8268561000776,0.11507692950966941
acetone,C-H_C,C,109.58306287299531,110.52135086559802,0.9382879926027101
acetone,H-H_C,C,108.86824097598257,109.56783296951369,0.699591993531115
acetone,H-H_C,C,110.20927405880909,106.78376577622558,-3.4255082825835075
acetone,H-H_C,C,108.8682209300056,109.56780955699122,0.6995886269856157
acetonitrile,C-H_C,C,110.81218053323884,110.33620937174051,-0.47597116149833596
acetonitrile,C-H_C,C,110.81214066869681,110.33479140428368,-0.4773492644131352
acetonitrile,C-H_C,C,110.81211285515447,110.33353733415713,-0.4785755209973388
acetonitrile,H-H_C,C,108.09765700692026,108.59142839992371,0.4937713930034562
acetonitrile,H-H_C,C,108.09769943731312,108.59519805258152,0.4974986152683982
acetonitrile,H-H_C,C,108.0975899949787,108.59525061062452,0.4976606156458132
acetonitrile,C-N_C,C,179.9998529773025,179.99458866132565,-0.0052643159768592795
acetylene,C-H_C,C,179.99991427755444,179.99992852226612,1.424471167865704e-05
acetylene,C-H_C,C,179.99992505248332,179.99992852226612,3.4697827970830986e-06
aniline,C-H_N,N,113.63713336344951,114.49073247798752,0.8535991145380137
aniline,C-H_N,N,113.63709427594324,114.49073247798752,0.8536382020442801
aniline,H-H_N,N,112.34063582127683,110.93099937687346,-1.4096364444033753
aniline,C-N_C,C,120.27181812466584,120.66460736371927,0.3927892390534282
aniline,C-N_C,C,120.2717586348513,120.66460736371927,0.39284872886797473
aniline,C-C_C,C,118.60893580284937,118.60784673145852,-0.0010890713908509042
aniline,C-C_C,C,120.72741437300823,120.46481154125031,-0.262602831757917
aniline,C-H_C,C,120.21869469435633,119.41870918032184,-0.7999855140344891
aniline,C-H_C,C,119.053880320784,120.1156908645476,1.061810543763599
aniline,C-C_C,C,120.0101307659311,120.78451453763601,0.7743837717049189
aniline,C-H_C,C,119.90989801797586,119.17510783662293,-0.7347901813529347
aniline,C-H_C,C,120.07383279094921,120.0402266799596,-0.033606110989609306
aniline,C-C_C,C,119.72702924277563,118.89348193843536,-0.8335473043402715
aniline,C-H_C,C,120.1303120432965,120.5532440834908,0.4229320401942971
aniline,C-H_C,C,120.13025365874765,120.5532440834908,0.42299042474314774
aniline,C-C_C,C,120.01006847880588,120.78451453763601,0.7744460588301365
aniline,C-H_C,C,120.0737970252885,120.0402266799596,-0.03357034532889713
aniline,C-H_C,C,119.90999517293142,119.17510783662293,-0.7348873363084891
aniline,C-C_C,C,120.72744783454951,120.46481154125031,-0.26263629329919524
aniline,C-H_C,C,119.05376340683662,120.1156908645476,1.0619274577109792
aniline,C-H_C,C,120.21877816047171,119.41870918032184,-0.8000689801498737
benzene,C-C_C,C,119.99998356136011,119.99770032599065,-0.0022832353694610674
benzene,C-H_C,C,120.00003158015909,120.0026877340531,0.0026561538940086393
benzene,C-H_C,C,119.9999848575406,119.9996119375691,-0.000372919971496799
benzene,C-C_C,C,120.00000229500547,119.99771015642894,-0.0022921385765357627
benzene,C-H_C,C,119.99995403376687,120.00003198091827,7.794715139652908e-05
benzene,C-H_C,C,120.00004367116107,120.00225778625101,0.002214115089941515
benzene,C-C_C,C,120.00001414343039,120.00458951074721,0.004575367316817847
benzene,C-H_C,C,120.00001955839934,119.99790484834044,-0.002114710058904734
benzene,C-H_C,C,119.99996629804363,119.99750547388189,-0.0024608241617443127
benzene,C-C_C,C,119.99998440538234,119.99770032599065,-0.002284079391685623
benzene,C-H_C,C,119.9999891877645,119.99961193675526,-0.0003772510092403536
benzene,C-H_C,C,120.00002640668559,120.00268773432853,0.0026613276429401367
benzene,C-C_C,C,120.00000032658406,119.99771015642894,-0.0022901701551205633
benzene,C-H_C,C,120.00000867636953,120.00003197915925,2.330278971385269e-05
benzene,C-H_C,C,119.9999909968219,120.00225778505828,0.002266788236383377
benzene,C-C_C,C,120.00001526796562,120.00458951074721,0.00457424278158669
benzene,C-H_C,C,120.00001680883956,119.99790484642605,-0.002111962413508195
benzene,C-H_C,C,119.99996792287821,119.99750547144468,-0.0024624514335300773
butane,C-H_C,C,111.50596768239555,111.93242700134283,0.4264593189472805
butane,C-H_C,C,111.0440333852155,111.035155348294,-0.008878036921501575
butane,C-H_C,C,110.05595294354691,111.08912721204004,1.033174268493127
butane,H-H_C,C,108.47271456478015,107.57061459646287,-0.9020999683172732
butane,H-H_C,C,107.61391774315092,107.38545436039473,-0.22846338275618905
butane,H-H_C,C,108.01733348831779,107.62258261591786,-0.3947508723999249
butane,C-C_C,C,113.45650158023048,114.3950021434773,0.9385005632468193
butane,C-H_C,C,109.40765417688534,109.41615674833263,0.008502571447280616
butane,C-H_C,C,108.54383778689393,108.88239943872208,0.3385616518281438
butane,C-H_C,C,109.90450953911083,109.09169172575893,-0.8128178133518986
butane,C-H_C,C,108.49867242695127,108.68332434175474,0.18465191480346732
butane,H-H_C,C,106.80149864151035,106.03868341489948,-0.7628152266108685
butane,C-C_C,C,113.45650106043102,114.3950021434773,0.9385010830462761
butane,C-H_C,C,109.90445359601591,109.09169172575893,-0.8127618702569777
butane,C-H_C,C,108.49867950341975,108.68332434175474,0.18464483833498946
butane,C-H_C,C,109.4076685886392,109.41615674833263,0.008488159693428088
butane,C-H_C,C,108.5438358670737,108.88239943872208,0.338563571648379
butane,H-H_C,C,106.80153893322088,106.03868341489948,-0.7628555183214019
butane,C-H_C,C,110.05599652501215,111.08912721204004,1.0331306870278922
butane,C-H_C,C,111.50594279821685,111.93242700134283,0.42648420312598034
butane,C-H_C,C,111.04405178087588,111.035155348294,-0.008896432581877889
butane,H-H_C,C,107.61386971493398,107.38545436039473,-0.22841535453925133
butane,H-H_C,C,108.0173197939489,107.62258261591786,-0.39473717803103625
butane,H-H_C,C,108.47273712923507,107.57061459646287,-0.9021225327721965
chloromethane,Cl-H_C,C,109.08036200154316,108.5189290987621,-0.5614329027810641
chloromethane,Cl-H_C,C,109.08041371436607,108.51892816054009,-0.5614855538259889
chloromethane,Cl-H_C,C,109.08038818072622,108.51892816054009,-0.5614600201861322
chloromethane,H-H_C,C,109.85924359976984,110.40646555012033,0.5472219503504903
chloromethane,H-H_C,C,109.85916104597864,110.40646555012033,0.5473045041416924
chloromethane,H-H_C,C,109.85922429891102,110.40655024337875,0.5473259444677296
cyclohexane,C-C_C,C,111.63604342266419,111.48207891484589,-0.1539645078183014
cyclohexane,C-H_C,C,109.39467169863771,109.120518559148,-0.2741531394897123
cyclohexane,C-H_C,C,109.6746775197965,110.25715382485402,0.5824763050575115
cyclohexane,C-H_C,C,109.39464721112964,109.11719805190148,-0.27744915922815494
cyclohexane,C-H_C,C,109.67465898650822,110.26804140720054,0.5933824206923219
cyclohexane,H-H_C,C,106.95046272064128,106.45377334556915,-0.49668937507213684
cyclohexane,C-C_C,C,111.6360643541697,111.49351772974427,-0.1425466244254352
cyclohexane,C-H_C,C,109.3947093783285,109.11393191201276,-0.2807774663157403
cyclohexane,C-H_C,C,109.67463269744974,110.27855770845382,0.6039250110040797
cyclohexane,C-H_C,C,109.3946690215722,109.1067963274229,-0.28787269414929995
cyclohexane,C-H_C,C,109.67467634000472,110.24878225689865,0.5741059168939273
cyclohexane,H-H_C,C,106.95040673523808,106.45647225338006,-0.4939344818580196
cyclohexane,C-C_C,C,111.63611653624024,111.5098015263213,-0.1263150099189403
cyclohexane,C-H_C,C,109.39468253869333,109.08599891514596,-0.3086836235473669
cyclohexane,C-H_C,C,109.67469169283997,110.28302028250894,0.6083285896689716
cyclohexane,C-H_C,C,109.39468661272502,109.09866592700511,-0.2960206857199097
cyclohexane,C-H_C,C,109.67465522111557,110.25298719906559,0.5783319779500147
cyclohexane,H-H_C,C,106.95031980258523,106.4666387962421,-0.48368100634313294
cyclohexane,C-C_C,C,111.63605277322105,111.48207891484589,-0.15397385837516708
cyclohexane,C-H_C,C,109.3947043321616,109.11719805190148,-0.2775062802601127
cyclohexane,C-H_C,C,109.6747056616302,110.26804140720054,0.593335745570343
cyclohexane,C-H_C,C,109.39458096252423,109.120518559148,-0.27406240337623444
cyclohexane,C-H_C,C,109.67469717241367,110.25715382485402,0.5824566524403423
cyclohexane,H-H_C,C,106.95041807577618,106.45377334556915,-0.4966447302070378
cyclohexane,C-C_C,C,111.6360502380286,111.49351772974427,-0.14253250828433295
cyclohexane,C-H_C,C,109.67470039666429,110.27855770845382,0.6038573117895254
cyclohexane,C-H_C,C,109.39470922102987,109.11394592872969,-0.28076329230017905
cyclohexane,C-H_C,C,109.67468772146582,110.24878225689865,0.5740945354328346
cyclohexane,C-H_C,C,109.39460951130964,109.10674642875694,-0.287863082552704
cyclohexane,H-H_C,C,106.95040144627629,106.456509267393,-0.49389217888328574
cyclohexane,C-C_C,C,111.63607775531185,111.5098015263213,-0.12627622899054813
cyclohexane,C-H_C,C,109.67463811772616,110.28302028250894,0.6083821647827818
cyclohexane,C-H_C,C,109.39465536637572,109.08598598612782,-0.3086693802478919
cyclohexane,C-H_C,C,109.6746827353023,110.25298719906559,0.5783044637632884
cyclohexane,C-H_C,C,109.39471090582485,109.09863010682142,-0.296080799003434
cyclohexane,H-H_C,C,106.95039237313372,106.46668909507152,-0.48370327806220814
cyclohexanol,C-H_O,O,107.53279680316372,107.57635979586539,0.0435629927016663
cyclohexanol,C-O_C,C,108.69521442224405,106.58096778791551,-2.1142466343285378
cyclohexanol,C-O_C,C,109.78518012712671,111.44818064281937,1.6630005156926586
cyclohexanol,H-O_C,C,107.31565046367326,109.4343236066056,2.1186731429323373
cyclohexanol,C-C_C,C,111.61748880892803,111.20319222018364,-0.4142965887443921
cyclohexanol,C-H_C,C,109.42395238072766,108.980198721292,-0.44375365943565726
cyclohexanol,C-H_C,C,109.89759265293318,109.13366352029243,-0.7639291326407545
cyclohexanol,C-C_C,C,112.17549858119493,112.16467692813634,-0.010821653058584957
cyclohexanol,C-H_C,C,109.91926327009688,108.79834481096164,-1.1209184591352397
cyclohexanol,C-H_C,C,109.37076102159031,108.1441024287068,-1.2266585928835099
cyclohexanol,C-H_C,C,108.61063808791194,110.62186272766148,2.0112246397495426
cyclohexanol,C-H_C,C,109.15186391789575,109.8419465016908,0.6900825837950464
cyclohexanol,H-H_C,C,107.49539623071574,107.10769011149438,-0.3877061192213631
cyclohexanol,C-C_C,C,111.63792160619612,111.48374717398914,-0.1541744322069718
cyclohexanol,C-H_C,C,109.54995187558163,109.76416424068358,0.2142123651019574
cyclohexanol,C-H_C,C,109.67341096263853,108.89218959747774,-0.7812213651607891
cyclohexanol,C-H_C,C,109.6167110627763,110.3156612777854,0.6989502150090914
cyclohexanol,C-H_C,C,109.44314380021967,109.36629007736646,-0.07685372285321534
cyclohexanol,H-H_C,C,106.79832823791563,106.89783072730219,0.09950248938656614
cyclohexanol,C-C_C,C,111.68414834884084,111.24900634985238,-0.4351419989884562
cyclohexanol,C-H_C,C,109.38777259101549,109.33129889194842,-0.05647369906706956
cyclohexanol,C-H_C,C,109.66465995789166,110.29474811018352,0.6300881522918615
cyclohexanol,C-H_C,C,109.39037520114911,109.17855491236051,-0.21182028878860137
cyclohexanol,C-H_C,C,109.66693091597938,110.19375046462318,0.5268195486438003
cyclohexanol,H-H_C,C,106.92817944548892,106.46708359066587,-0.46109585482305704
cyclohexanol,C-C_C,C,111.59267080500503,111.18473260191675,-0.40793820308827833
cyclohexanol,C-H_C,C,109.60970145582134,110.50852030963775,0.8988188538164081
cyclohexanol,C-H_C,C,109.47117382415959,109.19725512231616,-0.2739187018434279
cyclohexanol,C-H_C,C,109.55515373555617,109.97587356727344,0.420719831717264
cyclohexanol,C-H_C,C,109.67405063149394,108.96397777830583,-0.7100728531881089
cyclohexanol,H-H_C,C,106.81973476145508,106.89849124360636,0.0787564821512774
cyclohexanol,C-C_C,C,112.11083231902666,112.00981560570426,-0.10101671332239448
cyclohexanol,C-H_C,C,108.63416297003029,110.58855033050793,1.9543873604776394
cyclohexanol,C-H_C,C,109.1689344072478,109.86456345764874,0.6956290504009388
cyclohexanol,C-H_C,C,110.04553877678016,109.57069380129863,-0.47484497548153115
cyclohexanol,C-H_C,C,109.33440232214595,108.45748215363531,-0.8769201685106367
cyclohexanol,H-H_C,C,107.42893265832976,106.15830024389588,-1.2706324144338765
cyclohexanone,C-O_C,C,121.6225169214994,122.43510866090836,0.8125917394089583
cyclohexanone,C-O_C,C,121.62247101356897,122.43510866090836,0.8126376473393861
cyclohexanone,C-C_C,C,116.51208277763457,115.12976694993517,-1.3823158276994008
cyclohexanone,C-C_C,C,110.65263251510999,111.86578005017319,1.2131475350632002
cyclohexanone,C-H_C,C,108.04745117444064,107.56137696731209,-0.48607420712855287
cyclohexanone,C-H_C,C,109.14063262522157,108.56465632032547,-0.575976304896102
cyclohexanone,C-H_C,C,110.8997288443284,108.84356732512089,-2.0561615192075067
cyclohexanone,C-H_C,C,109.86992852336449,112.16897807747536,2.2990495541108658
cyclohexanone,H-H_C,C,108.163856538447,107.64779692069942,-0.5160596177475867
cyclohexanone,C-C_C,C,111.76998923979052,111.58938809006794,-0.1806011497225768
cyclohexanone,C-H_C,C,109.435831736417,109.06278684598186,-0.3730448904351391
cyclohexanone,C-H_C,C,109.65085232246372,109.61400178471598,-0.036850537747739054
cyclohexanone,C-H_C,C,109.08669361551844,109.23286361510853,0.1461699995900858
cyclohexanone,C-H_C,C,109.74195044153902,110.67580690221493,0.9338564606759121
cyclohexanone,H-H_C,C,107.03639365631054,106.52219347747672,-0.5142001788338177
cyclohexanone,C-C_C,C,110.92807283738757,111.15499941627873,0.22692657889115253
cyclohexanone,C-H_C,C,109.77548124199063,109.48230311863495,-0.2931781233556876
cyclohexanone,C-H_C,C,109.57679692182022,110.02645648343756,0.449659561617338
cyclohexanone,C-H_C,C,109.77553536003141,109.48230311863495,-0.293232241396467
cyclohexanone,C-H_C,C,109.57674400324335,110.02645648343756,0.44971248019420784
cyclohexanone,H-H_C,C,107.12923017047362,106.55721910408042,-0.5720110663932019
cyclohexanone,C-C_C,C,111.76995222523493,111.58938809006794,-0.1805641351669891
cyclohexanone,C-H_C,C,109.7421048359073,110.67580690221493,0.9337020663076316
cyclohexanone,C-H_C,C,109.08670945864853,109.23286361510853,0.14615415645999974
cyclohexanone,C-H_C,C,109.65086763064349,109.61400178471598,-0.03686584592750819
cyclohexanone,C-H_C,C,109.43573212544251,109.06278684598186,-0.3729452794606516
cyclohexanone,H-H_C,C,107.03634333204579,106.52219347747672,-0.5141498545690695
cyclohexanone,C-C_C,C,110.65264940304473,111.86578005017319,1.2131306471284518
cyclohexanone,C-H_C,C,109.86990999787794,112.16897807747536,2.2990680795974185
cyclohexanone,C-H_C,C,110.89977202615104,108.84356732512089,-2.056204701030154
cyclohexanone,C-H_C,C,109.14058425687456,108.56465632032547,-0.5759279365490926
cyclohexanone,C-H_C,C,108.04744372483225,107.56137696731209,-0.48606675752016315
cyclohexanone,H-H_C,C,108.16386955368799,107.64779692069942,-0.5160726329885676
diethyl_ether,C-H_C,C,111.35587214779785,111.53985030704685,0.1839781592489942
diethyl_ether,C-H_C,C,110.66790067379218,110.55519249042011,-0.11270818337206379
diethyl_ether,C-H_C,C,110.54524979522847,110.23370546733614,-0.3115443278923351
diethyl_ether,H-H_C,C,108.39916542925755,107.81353916075702,-0.5856262685005333
diethyl_ether,H-H_C,C,106.93905324197401,108.08148476998971,1.142431528015706
diethyl_ether,H-H_C,C,108.81399375970688,108.5129622612013,-0.30103149850558
diethyl_ether,C-O_C,C,110.73101567992057,112.412495663448,1.6814799835274243
diethyl_ether,C-H_C,C,108.84654000002021,109.98593451506687,1.1393945150466607
diethyl_ether,C-H_C,C,111.16867418550025,110.43546674015971,-0.7332074453405397
diethyl_ether,H-O_C,C,106.98499976980831,105.78744495756493,-1.1975548122433821
diethyl_ether,H-O_C,C,111.4931203458495,110.90858417323155,-0.584536172617959
diethyl_ether,H-H_C,C,107.43529914338123,107.07294960066336,-0.36234954271786535
diethyl_ether,C-C_O,O,114.33869241487416,114.99069829455166,0.6520058796775032
diethyl_ether,C-O_C,C,110.73104078907646,112.412495663448,1.6814548743715392
diethyl_ether,H-O_C,C,106.98508329163873,105.78744495756493,-1.197638334073801
diethyl_ether,H-O_C,C,111.49298951145576,110.90858417323155,-0.5844053382242151
diethyl_ether,C-H_C,C,108.84653965959245,109.98593451506687,1.1393948554744213
diethyl_ether,C-H_C,C,111.1687232503989,110.43546674015971,-0.7332565102391868
diethyl_ether,H-H_C,C,107.43527513897425,107.07294960066336,-0.3623255383108841
diethyl_ether,C-H_C,C,111.35588205320738,111.53986957935557,0.18398752614818648
diethyl_ether,C-H_C,C,110.54528594300928,110.23370546733614,-0.3115804756731393
diethyl_ether,C-H_C,C,110.6678853337172,110.55519249042011,-0.11269284329708285
diethyl_ether,H-H_C,C,106.93906250817047,108.08144951298658,1.1423870048161149
diethyl_ether,H-H_C,C,108.39916681092957,107.8135542509155,-0.58561256001407
diethyl_ether,H-H_C,C,108.81395135903321,108.5129622612013,-0.3009890978319163
dimethyl_ether,H-O_C,C,108.37820868537794,107.23236650205568,-1.1458421833222587
dimethyl_ether,H-O_C,C,110.49138056500398,111.80476018701138,1.3133796220074032
dimethyl_ether,H-O_C,C,110.49132912388986,111.8047243438118,1.3133952199219436
dimethyl_ether,H-H_C,C,108.63365259594028,108.91896105201306,0.28530845607278366
dimethyl_ether,H-H_C,C,108.63351496720895,108.91901224411843,0.28549727690948146
dimethyl_ether,H-H_C,C,110.15165505274246,108.09471685372976,-2.0569381990126914
dimethyl_ether,C-C_O,O,111.5463761553312,112.29540213688854,0.7490259815573381
dimethyl_ether,H-O_C,C,110.49131180722105,111.80476018701138,1.31344837979033
dimethyl_ether,H-O_C,C,110.49137941246775,111.8047243438118,1.313344931344048
dimethyl_ether,H-O_C,C,108.37808044809728,107.23236650205568,-1.145713946041596
dimethyl_ether,H-H_C,C,110.15162069248916,108.09471685372976,-2.0569038387593963
dimethyl_ether,H-H_C,C,108.63365068813397,108.91896105201306,0.28531036387909126
dimethyl_ether,H-H_C,C,108.63370025228929,108.91901224411843,0.2853119918291469
dimethylamine,H-N_C,C,111.20022273334543,109.26015181166318,-1.9400709216822491
dimethylamine,H-N_C,C,111.52423696054177,114.43767861382113,2.9134416532793637
dimethylamine,H-N_C,C,109.45581368092013,109.62891741426397,0.17310373334383655
dimethylamine,H-H_C,C,109.10931276062333,107.33499242688374,-1.7743203337395812
dimethylamine,H-H_C,C,107.49539738966932,107.6797273153429,0.18432992567358042
dimethylamine,H-H_C,C,107.917889665777,108.27372875124367,0.35583908546666976
dimethylamine,C-C_N,N,110.94590886998778,112.7424446174781,1.7965357474903243
dimethylamine,C-H_N,N,109.21025248501361,109.09699497858644,-0.1132575064271748
dimethylamine,C-H_N,N,109.21028949531069,109.09699497858644,-0.1132945167242525
dimethylamine,H-N_C,C,111.52425816639256,114.43767861382113,2.913420447428578
dimethylamine,H-N_C,C,111.20023558604997,109.26015181166318,-1.9400837743867925
dimethylamine,H-N_C,C,109.45575104399649,109.62890950864957,0.17315846465308482
dimethylamine,H-H_C,C,109.10931200996518,107.33499242688374,-1.7743195830814358
dimethylamine,H-H_C,C,107.91783529613637,108.27377533720168,0.35594004106530974
dimethylamine,H-H_C,C,107.49548148217342,107.67968591430783,0.18420443213440763
dioxane,C-O_C,C,112.24700400959519,111.94273975958625,-0.3042642500089414
dioxane,C-H_C,C,110.48422752004835,109.50121510481544,-0.9830124152329063
dioxane,C-H_C,C,110.7536926010276,110.3860473620175,-0.36764523901010193
dioxane,H-O_C,C,107.4316866730263,110.10622080196853,2.674534128942227
dioxane,H-O_C,C,107.75536456310546,107.00043995319248,-0.754924609912976
dioxane,H-H_C,C,107.9988382126982,107.79603935970006,-0.20279885299814282
dioxane,C-O_C,C,112.24621085932083,111.94258334563592,-0.3036275136849014
dioxane,C-H_C,C,110.48515247834227,109.50136774706691,-0.9837847312753638
dioxane,C-H_C,C,110.75346699130556,110.38588734870578,-0.3675796425997788
dioxane,H-O_C,C,107.43238330234752,110.10655145848413,2.6741681561366164
dioxane,H-O_C,C,107.75501709208982,107.00024873537083,-0.7547683567189836
dioxane,H-H_C,C,107.9985946771483,107.79606361147539,-0.20253106567291468
dioxane,C-C_O,O,112.7056271525552,113.78331145697463,1.077684304419435
dioxane,C-O_C,C,112.24825084220716,111.94293673156876,-0.30531411063839187
dioxane,H-O_C,C,107.43212478090891,110.10609783516637,2.673973054257459
dioxane,H-O_C,C,107.75523730910585,107.00061528235786,-0.7546220267479953
dioxane,C-H_C,C,110.48419350594673,109.50127666799179,-0.9829168379549458
dioxane,C-H_C,C,110.75322217614583,110.38574538183535,-0.36747679431047686
dioxane,H-H_C,C,107.99772101603511,107.7960215197983,-0.20169949623681305
dioxane,C-O_C,C,112.2473694583215,111.94288205225303,-0.3044874060684748
dioxane,C-H_C,C,110.75294020257859,110.38558211578284,-0.3673580867957469
dioxane,C-H_C,C,110.48440073210121,109.5013741318126,-0.9830266002886106
dioxane,H-O_C,C,107.755302588352,107.00044930147756,-0.754853286874436
dioxane,H-O_C,C,107.43250469574096,110.10647161034176,2.673966914600797
dioxane,H-H_C,C,107.9983001993804,107.79592793836049,-0.20237226101990302
dioxane,C-C_O,O,112.70588711103075,113.78328409856175,1.077396987531003
ethane,C-H_C,C,110.56794430091689,111.33453944292732,0.7665951420104307
ethane,C-H_C,C,110.5678606298753,111.32710634703763,0.7592457171623295
ethane,C-H_C,C,110.56800390406652,111.33052806273342,0.7625241586669063
ethane,H-H_C,C,108.35258226683945,107.54949043019053,-0.8030918366489175
ethane,H-H_C,C,108.35256078437195,107.55086090158991,-0.8016998827820316
ethane,H-H_C,C,108.35262294242784,107.54786007658835,-0.8047628658394927
ethane,C-H_C,C,110.56799364095876,111.3271186053816,0.7591249644228384
ethane,C-H_C,C,110.56785847006655,111.33047937273199,0.7626209026654323
ethane,C-H_C,C,110.56795568973004,111.33453944292732,0.7665837531972812
ethane,H-H_C,C,108.35246562989992,107.54782382701343,-0.8046418028864935
ethane,H-H_C,C,108.35262853971858,107.54953955802286,-0.8030889816957227
ethane,H-H_C,C,108.3526728990202,107.55088686014052,-0.8017860388796834
ethanol,C-H_C,C,110.7007441665025,111.03386257723524,0.3331184107327374
ethanol,C-H_C,C,110.88819622640905,111.01115241539195,0.12295618898289717
ethanol,C-H_C,C,110.60093289812087,110.45862756515267,-0.14230533296820624
ethanol,H-H_C,C,108.76675481834276,107.56021090381923,-1.206543914523536
ethanol,H-H_C,C,106.90167965378039,108.08032974871506,1.1786500949346674
ethanol,H-H_C,C,108.87021896378945,108.58328999149087,-0.2869289722985826
ethanol,C-O_C,C,109.97920613199706,112.85559104066205,2.8763849086649884
ethanol,C-H_C,C,111.0230194283988,110.15682099213195,-0.866198436266842
ethanol,C-H_C,C,110.48569001842108,110.2393348577271,-0.24635516069398022
ethanol,H-O_C,C,108.72227615305638,111.04137341877896,2.3190972657225757
ethanol,H-O_C,C,108.17065130485969,105.23632325477172,-2.93432805008797
ethanol,H-H_C,C,108.38515695966144,107.04929715611341,-1.3358598035480327
ethanol,C-H_O,O,107.54522430870203,107.37533780182783,-0.1698865068742066
ethyl_acetate,C-H_C,C,110.6119251687934,110.93081594242264,0.318890773629235
ethyl_acetate,C-H_C,C,110.61196445377138,110.93078627967223,0.31882182590085506
ethyl_acetate,C-H_C,C,110.90444755480003,109.85083393811905,-1.0536136166809769
ethyl_acetate,H-H_C,C,106.90364191649778,108.34131176433871,1.4376698478409367
ethyl_acetate,H-H_C,C,108.84899278972921,108.35249524699698,-0.4964975427322287
ethyl_acetate,H-H_C,C,108.84900824972085,108.35241923715377,-0.4965890125670853
ethyl_acetate,C-O_C,C,108.20559594390636,107.53851618964366,-0.6670797542627014
ethyl_acetate,C-H_C,C,109.72526972236416,112.03442666588514,2.309156943520975
ethyl_acetate,C-H_C,C,109.72533661895703,112.03447613562581,2.309139516668779
ethyl_acetate,H-O_C,C,109.7235873189135,108.87130173076132,-0.8522855881521849
ethyl_acetate,H-O_C,C,109.723565557463,108.87137549145912,-0.8521900660038852
ethyl_acetate,H-H_C,C,109.71580294082658,107.42044822624041,-2.2953547145861677
ethyl_acetate,C-C_O,O,114.12694710300462,115.86851049832397,1.7415633953193463
ethyl_acetate,C-O_C,C,109.98510890889315,110.79047017238618,0.8053612634930261
ethyl_acetate,O-O_C,C,125.56128855100772,123.63386670437336,-1.9274218466343598
ethyl_acetate,C-O_C,C,124.45360254003809,125.57566312318419,1.1220605831460944
ethyl_acetate,C-H_C,C,109.82909057282077,110.15424655735997,0.3251559845391938
ethyl_acetate,C-H_C,C,109.82922268485368,110.15428978284595,0.3250670979922745
ethyl_acetate,C-H_C,C,109.34753649558137,109.45172876394244,0.10419226836107498
ethyl_acetate,H-H_C,C,110.65068464848666,107.27858039210858,-3.37210425637808
ethyl_acetate,H-H_C,C,108.57522333214276,109.88859022274231,1.3133668905995535
ethyl_acetate,H-H_C,C,108.57529850131188,109.88859481794158,1.3132963166297031
ethylene,C-H_C,C,121.05029103051618,121.86637678316058,0.8160857526443976
ethylene,C-H_C,C,121.05020988092437,121.86637678316058,0.8161669022362048
ethylene,H-H_C,C,117.89949908839263,116.26724643360575,-1.6322526547868819
ethylene,C-H_C,C,121.05029103051618,121.86637678316058,0.8160857526443976
ethylene,C-H_C,C,121.05020988092437,121.86637678316058,0.8161669022362048
ethylene,H-H_C,C,117.89949908839263,116.26724643360575,-1.6322526547868819
formaldehyde,H-O_C,C,122.23578065106854,122.31356801381224,0.07778736274370601
formaldehyde,H-O_C,C,122.23572883079002,122.31356801381224,0.07783918302222048
formaldehyde,H-H_C,C,115.52849051804007,115.37286397229936,-0.15562654574071644
formic_acid,C-H_O,O,104.28978528190986,106.63962630705178,2.3498410251419273
formic_acid,O-O_C,C,121.84813420347831,125.22304554009885,3.374911336620542
formic_acid,H-O_C,C,111.49213828294086,109.3510637592723,-2.141074523668564
formic_acid,H-O_C,C,126.65972751347783,125.42589070055958,-1.2338368129182555
furan,C-C_C,C,106.14699439459199,106.07838778220643,-0.0686066123855511
furan,C-H_C,C,127.70833986556062,127.40752092139203,-0.3008189441685829
furan,C-H_C,C,126.14466573934916,126.51409129604004,0.36942555669087085
furan,C-C_C,C,106.14702159345221,106.07838778190879,-0.06863381154342107
furan,C-H_C,C,127.70839331037578,127.40744663202946,-0.30094667834632105
furan,C-H_C,C,126.1445850954641,126.51416558563108,0.3695804901669817
furan,C-O_C,C,110.4449915583784,110.53987374839785,0.09488219001944742
furan,C-H_C,C,133.96647708065552,133.80729037100775,-0.15918670964776993
furan,H-O_C,C,115.58853136070073,115.65283588023237,0.06430451953164606
furan,C-C_O,O,106.81599020071901,106.76347693686668,-0.052513263852333125
furan,C-O_C,C,110.44500225241283,110.53987374897507,0.09487149656223437
furan,H-O_C,C,115.58847399181296,115.6527172080507,0.06424321623774176
furan,C-H_C,C,133.9665237555066,133.8074090429063,-0.15911471260031362
heptan-1-ol,C-H_C,C,111.30587587645894,112.18999851041265,0.8841226339537087
heptan-1-ol,C-H_C,C,110.01761485933473,110.61396234258991,0.5963474832551867
heptan-1-ol,C-H_C,C,111.20275475434852,111.18344587937037,-0.019308874978150925
heptan-1-ol,H-H_C,C,107.33656338473962,107.60567513957191,0.269111754832295
heptan-1-ol,H-H_C,C,108.8452667805992,107.57305944036968,-1.272207340229528
heptan-1-ol,H-H_C,C,107.99665600915705,107.4686437327744,-0.528012276382654
heptan-1-ol,C-C_C,C,114.50532229753368,115.80693043578373,1.301608138250046
heptan-1-ol,C-H_C,C,109.2052084531836,109.02101183715985,-0.1841966160237547
heptan-1-ol,C-H_C,C,108.44605622932856,108.9094064704183,0.4633502410897421
heptan-1-ol,C-H_C,C,109.69295614559194,108.4928371547615,-1.2001189908304326
heptan-1-ol,C-H_C,C,108.16489789206072,108.30021505450334,0.13531716244261816
heptan-1-ol,H-H_C,C,106.51415410348804,105.85556938504138,-0.6585847184466616
heptan-1-ol,C-C_C,C,114.66336688031369,115.08680780776773,0.4234409274540383
heptan-1-ol,C-H_C,C,106.86932301069771,107.5233237827155,0.6540007720177812
heptan-1-ol,C-H_C,C,110.06605026960828,109.48744877319349,-0.578601496414791
heptan-1-ol,C-H_C,C,107.77638028225834,109.10532027862935,1.3289399963710053
heptan-1-ol,C-H_C,C,110.82276550246802,109.41679735571407,-1.405968146753949
heptan-1-ol,H-H_C,C,106.19077955770815,105.80178678976169,-0.388992767946462
heptan-1-ol,C-C_C,C,112.93621383698536,114.22681790904846,1.290604072063104
heptan-1-ol,C-H_C,C,109.96817948296234,108.58221761372033,-1.38596186924201
heptan-1-ol,C-H_C,C,108.08603038482413,109.51764371560148,1.4316133307773526
heptan-1-ol,C-H_C,C,111.1340653091348,110.23794851225207,-0.8961167968827226
heptan-1-ol,C-H_C,C,107.82014746088093,108.2331203021952,0.4129728413142715
heptan-1-ol,H-H_C,C,106.62654497591433,105.69903089988605,-0.9275140760282738
heptan-1-ol,C-C_C,C,113.19362662521382,114.65904511067718,1.4654184854633598
heptan-1-ol,C-H_C,C,108.79443052033507,108.42138408894967,-0.3730464313854043
heptan-1-ol,C-H_C,C,110.82618162337134,110.27375544800822,-0.5524261753631237
heptan-1-ol,C-H_C,C,107.87214310315773,108.57364845426983,0.7015053511121039
heptan-1-ol,C-H_C,C,109.58929054271889,108.3196898579256,-1.2696006847932892
heptan-1-ol,H-H_C,C,106.2841064973607,106.2529789697156,-0.031127527645097075
heptan-1-ol,C-C_C,C,114.49163803387506,114.3471319417915,-0.14450609208356013
heptan-1-ol,C-H_C,C,107.41451481244546,109.03116106080385,1.6166462483583928
heptan-1-ol,C-H_C,C,109.76902162648321,110.39566540772303,0.6266437812398209
heptan-1-ol,C-H_C,C,108.4437289047486,108.05511929430256,-0.38860961044603926
heptan-1-ol,C-H_C,C,109.36156225659737,107.97756683590296,-1.3839954206944043
heptan-1-ol,H-H_C,C,107.081110982958,106.7394706111343,-0.34164037182370066
heptan-1-ol,C-O_C,C,110.06873255729913,108.35884322452993,-1.709889332769194
heptan-1-ol,C-H_C,C,109.75562783121195,109.31177937134689,-0.44384845986506605
heptan-1-ol,C-H_C,C,111.55976180818874,110.44004971624211,-1.1197120919466244
heptan-1-ol,H-O_C,C,108.29233114104731,110.81581364157212,2.523482500524807
heptan-1-ol,H-O_C,C,108.91537457323116,110.72527092053954,1.8098963473083813
heptan-1-ol,H-H_C,C,108.16941305657464,107.18702666481225,-0.9823863917623896
heptan-1-ol,C-H_O,O,107.08346478326642,107.96107441580689,0.8776096325404694
hexane,C-H_C,C,111.57950709434974,112.02455131274006,0.44504421839032204
hexane,C-H_C,C,111.06183412375312,111.0184484988802,-0.04338562487291142
hexane,C-H_C,C,110.02399665314171,111.01670021053889,0.9927035573971779
hexane,H-H_C,C,108.49636131517396,107.57263596737803,-0.9237253477959229
hexane,H-H_C,C,107.53880957493351,107.38715358381609,-0.15165599111742267
hexane,H-H_C,C,108.00463276796923,107.61509008375161,-0.3895426842176164
hexane,C-C_C,C,113.63269489768821,114.63635943382049,1.003664536132277
hexane,C-H_C,C,109.48281059521501,109.41552190103494,-0.06728869418007832
hexane,C-H_C,C,108.39173334330818,108.77196259303354,0.3802292497253603
hexane,C-H_C,C,109.93373702395151,109.14398148492312,-0.7897555390283912
hexane,C-H_C,C,108.37663475256899,108.55572751450572,0.17909276193672952
hexane,H-H_C,C,106.77850231138383,105.95790251203542,-0.8205997993484146
hexane,C-C_C,C,113.26829696828862,114.4940672272401,1.2257702589514707
hexane,C-H_C,C,109.58255351648175,109.12763560116878,-0.45491791531297565
hexane,C-H_C,C,107.61754057414215,108.33427862262882,0.7167380484866612
hexane,C-H_C,C,109.77015004511203,109.10871590148467,-0.6614341436273605
hexane,C-H_C,C,109.54548069864451,109.36522435793202,-0.1802563407124893
hexane,H-H_C,C,106.83585917076506,106.07460759720817,-0.7612515735568905
hexane,C-C_C,C,113.26830727605572,114.49403943080199,1.225732154746268
hexane,C-H_C,C,109.54537238902276,109.36523616245623,-0.18013622656653183
hexane,C-H_C,C,109.7701658363286,109.10871590148467,-0.6614499348439296
hexane,C-H_C,C,107.61761497214023,108.33425005439808,0.7166350822578522
hexane,C-H_C,C,109.58258129987142,109.12762993555923,-0.4549513643121941
hexane,H-H_C,C,106.83583748639438,106.07466447434084,-0.7611730120535469
hexane,C-C_C,C,113.63280754912796,114.63634759869024,1.0035400495622753
hexane,C-H_C,C,108.37662555884147,108.55571431404631,0.17908875520484457
hexane,C-H_C,C,109.93364812136625,109.1440291633495,-0.7896189580167459
hexane,C-H_C,C,108.39180266303676,108.77195123764898,0.38014857461222107
hexane,C-H_C,C,109.4827910401494,109.4155402186779,-0.06725082147148953
hexane,H-H_C,C,106.77842913654273,105.95787032432911,-0.8205588122136191
hexane,C-H_C,C,111.06182417076572,111.01845124500595,-0.04337292575976903
hexane,C-H_C,C,110.02399391513312,111.01665336827662,0.9926594531435029
hexane,C-H_C,C,111.57966021961725,112.0245490558199,0.44488883620265085
hexane,H-H_C,C,108.0045541540511,107.61509008375161,-0.38946407029949626
hexane,H-H_C,C,108.49628195303016,107.57270643548704,-0.9235755175431279
hexane,H-H_C,C,107.53881971925131,107.38713216380135,-0.1516875554499535
isobutylene,C-H_C,C,110.29147772130929,111.04645433968297,0.754976618373675
isobutylene,C-H_C,C,110.2914376070181,111.04647774183933,0.755040134821229
isobutylene,C-H_C,C,112.07589933474371,111.85662002451079,-0.21927931023292047
isobutylene,H-H_C,C,108.55283458385149,106.43735466253585,-2.1154799213156394
isobutylene,H-H_C,C,107.7552854697407,108.11789741276,0.3626119430193029
isobutylene,H-H_C,C,107.75522929967254,108.11790352924123,0.36267422956869666
isobutylene,C-C_C,C,122.04365456605115,122.11373959249995,0.07008502644880821
isobutylene,C-C_C,C,115.91264162517429,115.7725208149523,-0.14012081022198686
isobutylene,C-C_C,C,122.04370380869747,122.11373959249995,0.07003578380248143
isobutylene,C-H_C,C,121.57216020194576,121.72023808830735,0.14807788636159103
isobutylene,C-H_C,C,121.57205351041121,121.72023808830735,0.1481845778961457
isobutylene,H-H_C,C,116.85578628731975,116.55952382331235,-0.2962624640073983
isobutylene,C-H_C,C,112.07593155279643,111.85662002454916,-0.21931152824727462
isobutylene,C-H_C,C,110.2914083547588,111.04646521190028,0.7550568571414829
isobutylene,C-H_C,C,110.29153113383198,111.0464491429403,0.754918009108323
isobutylene,H-H_C,C,107.75521103074966,108.11789625850187,0.362685227752209
isobutylene,H-H_C,C,107.75535376718169,108.11788259485115,0.3625288276694647
isobutylene,H-H_C,C,108.55272363904199,106.43739627940275,-2.115327359639238
methane,H-H_C,C,109.47123790271283,109.47122063447374,-1.7268239091094983e-05
methane,H-H_C,C,109.47121708331095,109.47122063447374,3.551162791382012e-06
methane,H-H_C,C,109.47124709580591,109.47122063447374,-2.6461332168992158e-05
methane,H-H_C,C,109.47122239977728,109.47122063447374,-1.7653035371267833e-06
methane,H-H_C,C,109.47119833701274,109.47122063447374,2.2297461001130614e-05
methane,H-H_C,C,109.4712009882141,109.47122063447374,1.9646259644900965e-05
methanesulfonyl_chloride,H-S_C,C,108.21108395716286,105.92898061779847,-2.282103339364383
methanesulfonyl_chloride,H-S_C,C,108.82154760381219,108.47365960705827,-0.3478879967539257
methanesulfonyl_chloride,H-S_C,C,108.82154806059428,108.47365960705827,-0.34788845353601516
methanesulfonyl_chloride,H-H_C,C,110.06408545012171,110.96082275885628,0.896737308734572
methanesulfonyl_chloride,H-H_C,C,110.06402681746697,110.96082275885628,0.8967959413893141
methanesulfonyl_chloride,H-H_C,C,110.7988234579915,111.8062599860399,1.0074365280484017
methanesulfonyl_chloride,C-O_S,S,108.5912008820873,109.26840559540781,0.6772047133205064
methanesulfonyl_chloride,C-O_S,S,108.59120345691116,109.26840559540781,0.6772021384966536
methanesulfonyl_chloride,C-Cl_S,S,106.42405930058179,99.36639891999587,-7.057660380585915
methanesulfonyl_chloride,O-O_S,S,121.9782962427697,122.20619622253886,0.22789997976916254
methanesulfonyl_chloride,Cl-O_S,S,105.09389752183064,107.13377154494879,2.039874023118145
methanesulfonyl_chloride,Cl-O_S,S,105.09391678531344,107.13377154494879,2.0398547596353467
methanol,H-O_C,C,109.5276063996871,112.65363274940152,3.1260263497144223
methanol,H-O_C,C,109.52759937227182,112.65364567151535,3.1260462992435265
methanol,H-O_C,C,108.98166419718797,106.65743777470114,-2.3242264224868308
methanol,H-H_C,C,110.07260886874528,108.44866170309251,-1.6239471656527655
methanol,H-H_C,C,109.35609870199431,108.11582304864623,-1.2402756533480783
methanol,H-H_C,C,109.35598834910343,108.11587937034227,-1.2401089787611568
methanol,C-H_O,O,107.09075120576205,107.59797653134395,0.5072253255818993
methyl_acetate,H-O_C,C,108.04794542353824,105.6402943649461,-2.407651058592137
methyl_acetate,H-O_C,C,110.51033264942673,110.65256188616705,0.14222923674032018
methyl_acetate,H-O_C,C,110.51034442330706,110.65255865219835,0.14221422889129087
methyl_acetate,H-H_C,C,108.44412847959308,110.54711904336513,2.102990563772053
methyl_acetate,H-H_C,C,108.4441985702841,110.54715563368448,2.102957063400382
methyl_acetate,H-H_C,C,110.79320087728954,108.78794965301506,-2.005251224274474
methyl_acetate,C-C_O,O,113.90477747138252,115.26706905075999,1.3622915793774695
methyl_acetate,C-O_C,C,109.99997101320363,110.77252307036414,0.7725520571605102
methyl_acetate,O-O_C,C,125.55868628629885,123.45262955053582,-2.1060567357630333
methyl_acetate,C-O_C,C,124.44134270044115,125.77484737713407,1.333504676692911
methyl_acetate,C-H_C,C,109.34573907838308,109.42961749836824,0.08387841998516876
methyl_acetate,C-H_C,C,109.83203072601927,110.14525210550939,0.3132213794901162
methyl_acetate,C-H_C,C,109.8320264603388,110.14525852612311,0.3132320657843195
methyl_acetate,H-H_C,C,108.57239270801682,109.89166430629311,1.3192715982762877
methyl_acetate,H-H_C,C,108.57229553808827,109.89168510709075,1.3193895690024817
methyl_acetate,H-H_C,C,110.65238881349806,107.31361533516669,-3.338773478331376
methylamine,H-N_C,C,110.2049740467005,109.06735798318866,-1.1376160635118424
methylamine,H-N_C,C,110.59881631298565,115.76181429930725,5.162997986321599
methylamine,H-N_C,C,110.20499748648186,109.06734502173049,-1.137652464751369
methylamine,H-H_C,C,108.71129176979055,107.70609573441999,-1.0051960353705596
methylamine,H-H_C,C,108.35310554261767,107.20619084013742,-1.1469147024802453
methylamine,H-H_C,C,108.7112573692425,107.70610919455049,-1.0051481746920103
methylamine,C-H_N,N,109.41193966403976,109.59892188757998,0.18698222354021254
methylamine,C-H_N,N,109.41190794632713,109.59892188757998,0.1870139412528431
methylamine,H-H_N,N,106.14573414619036,105.80667648333578,-0.33905766285458583
morpholine,C-N_C,C,112.27543594451815,112.8028190605793,0.5273831160611451
morpholine,C-H_C,C,109.683027898254,108.9139649575908,-0.7690629406631899
morpholine,C-H_C,C,109.8056334756146,110.61714853319418,0.8115150575795838
morpholine,H-N_C,C,108.58296211003666,107.73374428477145,-0.8492178252652138
morpholine,H-N_C,C,109.08691851584221,109.02310397974857,-0.06381453609364485
morpholine,H-H_C,C,107.27073526844482,107.57621535617841,0.30548008773358504
morpholine,C-O_C,C,111.32042097379933,111.04698509543117,-0.2734358783681614
morpholine,C-H_C,C,111.13101222049335,109.75588762421333,-1.375124596280017
morpholine,C-H_C,C,109.84672696809596,111.68636485135465,1.839637883258689
morpholine,H-O_C,C,109.05344081270938,109.8577122680727,0.8042714553633203
morpholine,H-O_C,C,107.63845713636476,106.2560772653325,-1.3823798710322706
morpholine,H-H_C,C,107.72002195596454,108.14075609629144,0.4207341403268998
morpholine,C-C_O,O,110.69016680983812,111.68325434701214,0.99308753717402
morpholine,C-O_C,C,111.320485191511,111.04698509543117,-0.27350009607982884
morpholine,H-O_C,C,109.05360286296403,109.8577122680727,0.8041094051086759
morpholine,H-O_C,C,107.63854578431548,106.2560772653325,-1.3824685189829893
morpholine,C-H_C,C,111.13072909315133,109.75588762421333,-1.3748414689380013
morpholine,C-H_C,C,109.84669823238202,111.68636485135465,1.839666618972629
morpholine,H-H_C,C,107.72002984645164,108.14075609629144,0.42072624983980234
morpholine,C-N_C,C,112.27539774450777,112.8028190605793,0.5274213160715249
morpholine,C-H_C,C,109.80568070315493,110.61714853319418,0.8114678300392484
morpholine,C-H_C,C,109.68316116338539,108.9140170700494,-0.7691440933359956
morpholine,H-N_C,C,109.0867892713264,109.02310397974857,-0.06368529157782632
morpholine,H-N_C,C,108.58304614679498,107.73371612351143,-0.8493300232835566
morpholine,H-H_C,C,107.27063409197467,107.57618939033314,0.3055552983584704
morpholine,C-C_N,N,108.28283717930742,110.52359210327546,2.2407549239680407
morpholine,C-H_N,N,108.35319216833797,108.71563604343574,0.36244387509776743
morpholine,C-H_N,N,108.35331091064198,108.71563604343574,0.36232513279375667
naphthalene,C-C_C,C,119.9907225233434,120.27636942351106,0.2856469001676629
naphthalene,C-H_C,C,120.05688181379308,119.62058991928224,-0.4362918945108447
naphthalene,C-H_C,C,119.95239565786713,120.10304065714622,0.1506449992790948
naphthalene,C-C_C,C,119.99068108161482,120.27636942351106,0.2856883418962326
naphthalene,C-H_C,C,120.05706592453731,119.62058991928224,-0.4364760052550736
naphthalene,C-H_C,C,119.95225298797094,120.10304065714622,0.15078766917528696
naphthalene,C-C_C,C,120.74237347164936,120.87898551089661,0.13661203924725385
naphthalene,C-H_C,C,118.92485529101351,120.4249168843233,1.5000615933097805
naphthalene,C-H_C,C,120.33277121740919,118.69609760471984,-1.63667361268935
naphthalene,C-C_C,C,121.46601045769907,122.31070986886668,0.8446994111676105
naphthalene,C-C_C,C,119.26693886349977,118.84464506554221,-0.4222937979575647
naphthalene,C-C_C,C,119.26705067844033,118.84464506554221,-0.4224056128981175
naphthalene,C-C_C,C,120.7422759486547,120.87898551089661,0.13670956224191855
naphthalene,C-H_C,C,120.33255994619697,118.69609760471984,-1.6364623414771273
naphthalene,C-H_C,C,118.92516407797766,120.4249168843233,1.49975280634564
naphthalene,C-C_C,C,119.99066544148194,120.27636942351106,0.2857039820291192
naphthalene,C-H_C,C,119.95276732722984,120.10304065714622,0.15027332991638787
naphthalene,C-H_C,C,120.05656722970451,119.62058991928224,-0.43597731042227394
naphthalene,C-C_C,C,119.99079596494269,120.27636942351106,0.2855734585683649
naphthalene,C-H_C,C,120.05658531873705,119.62058991928224,-0.4359953994548107
naphthalene,C-H_C,C,119.95261870813448,120.10304065714622,0.15042194901174355
naphthalene,C-C_C,C,120.74223086858353,120.87898551089661,0.136754642313079
naphthalene,C-H_C,C,118.92507619959065,120.4249168843233,1.4998406847326464
naphthalene,C-H_C,C,120.33269292784203,118.69609760471984,-1.6365953231221937
naphthalene,C-C_C,C,121.46598016174411,122.31070986886668,0.8447297071225677
naphthalene,C-C_C,C,119.26698109365495,118.84464506554221,-0.4223360281127384
naphthalene,C-C_C,C,119.26703874099609,118.84464506554221,-0.4223936754538755
naphthalene,C-C_C,C,120.7422452959233,120.87898551089661,0.13674021497331523
naphthalene,C-H_C,C,120.33263948966436,118.69609760471984,-1.6365418849445206
naphthalene,C-H_C,C,118.92511520199481,120.4249168843233,1.4998016823284814
neopentane,C-H_C,C,111.18256313503585,111.1488944707706,-0.033668664265249504
neopentane,C-H_C,C,111.1825374512083,111.15575602862891,-0.02678142257938987
neopentane,C-H_C,C,111.18254212764653,111.16404428417145,-0.01849784347507466
neopentane,H-H_C,C,107.707042864035,107.73547127108824,0.02842840705324079
neopentane,H-H_C,C,107.70691331966013,107.73539705283216,0.028483733172024017
neopentane,H-H_C,C,107.70705204315898,107.7338713768209,0.02681933366191913
neopentane,C-C_C,C,109.47124340865606,109.46485870384555,-0.006384704810514563
neopentane,C-C_C,C,109.47122501302965,109.47111349265751,-0.00011152037214401389
neopentane,C-C_C,C,109.47115664428674,109.47053004265854,-0.0006266016281983866
neopentane,C-C_C,C,109.47125828959744,109.4637494891145,-0.007508800482938227
neopentane,C-C_C,C,109.47120333921713,109.47723654642296,0.006033207205831559
neopentane,C-C_C,C,109.4712371120591,109.47983427257644,0.00859716051733983
neopentane,C-H_C,C,111.18261344260964,111.15153215418393,-0.03108128842571034
neopentane,C-H_C,C,111.18249654915668,111.16795849958922,-0.014538049567462963
neopentane,C-H_C,C,111.18256643055784,111.1480149511186,-0.034551479439244304
neopentane,H-H_C,C,107.70689609568412,107.73340487139176,0.026508775707640098
neopentane,H-H_C,C,107.70709342569783,107.73489907916813,0.02780565347029551
neopentane,H-H_C,C,107.70698293908197,107.73769584949181,0.030712910409846472
neopentane,C-H_C,C,111.18263858103298,111.16471080647698,-0.01792777455600003
neopentane,C-H_C,C,111.18256615479811,111.15111609161725,-0.031450063180855636
neopentane,C-H_C,C,111.18254537575174,111.1540647791535,-0.02848059659824287
neopentane,H-H_C,C,107.70693624310573,107.73326522811527,0.02632898500954184
neopentane,H-H_C,C,107.70696935675011,107.72873206729244,0.021762710542333252
neopentane,H-H_C,C,107.70698867303314,107.74147434730061,0.03448567426747218
neopentane,C-H_C,C,111.18261883808087,111.16165454465778,-0.020964293423091362
neopentane,C-H_C,C,111.18254564444314,111.15787855555267,-0.024667088890467426
neopentane,C-H_C,C,111.182545019656,111.14300680741293,-0.03953821224307319
neopentane,H-H_C,C,107.70712354420671,107.73144185469278,0.024318310486066252
neopentane,H-H_C,C,107.70698015266669,107.73225052606887,0.025270373402179303
neopentane,H-H_C,C,107.70683366419803,107.74757278751328,0.040739123315248094
pentane,C-H_C,C,110.26110637037665,111.47600217051028,1.2148958001336325
pentane,C-H_C,C,111.00144237664888,111.15968138986976,0.15823901322087863
pentane,C-H_C,C,111.00139700025338,111.15970043634206,0.15830343608868702
pentane,H-H_C,C,108.07996405040187,107.68239565889908,-0.3975683915027872
pentane,H-H_C,C,108.07990584618562,107.68241723894965,-0.3974886072359709
pentane,H-H_C,C,108.31079689911067,107.49210871943347,-0.8186881796771956
pentane,C-C_C,C,111.49769633987226,113.24188646902968,1.744190129157417
pentane,C-H_C,C,109.14446258973466,109.45782335717914,0.31336076744447894
pentane,C-H_C,C,109.14445881358058,109.45782335717914,0.3133645435985528
pentane,C-H_C,C,109.86523746378833,109.20110023571337,-0.6641372280749636
pentane,C-H_C,C,109.86522310233958,109.20110023571337,-0.6641228666262151
pentane,H-H_C,C,107.22138757195427,106.02663824338046,-1.1947493285738062
pentane,C-C_C,C,111.32790066944835,113.6338205940594,2.3059199246110467
pentane,C-H_C,C,109.57841130162552,109.24170697015273,-0.336704331472788
pentane,C-H_C,C,109.57835481583933,109.24170697015273,-0.3366478456865991
pentane,C-H_C,C,109.57841500276066,109.24170697015273,-0.33670803260793036
pentane,C-H_C,C,109.57842066205609,109.24170697015273,-0.33671369190335554
pentane,H-H_C,C,107.10379570691421,105.95520080641279,-1.148594900501422
pentane,C-C_C,C,111.49767013766835,113.24188646902968,1.7442163313613293
pentane,C-H_C,C,109.86522081152093,109.20110023571337,-0.6641205758075586
pentane,C-H_C,C,109.8652769224264,109.20110023571337,-0.6641766867130343
pentane,C-H_C,C,109.14449590858003,109.45782335717914,0.3133274485991109
pentane,C-H_C,C,109.14441332409348,109.45782335717914,0.31341003308565973
pentane,H-H_C,C,107.22138961736351,106.02663824338046,-1.1947513739830526
pentane,C-H_C,C,110.26102751604311,111.47600217051028,1.21497465446717
pentane,C-H_C,C,111.00141760712388,111.15970043634206,0.15828282921818015
pentane,C-H_C,C,111.00141523666476,111.15968138986976,0.15826615320500537
pentane,H-H_C,C,108.07998329966381,107.68241723894965,-0.3975660607141549
pentane,H-H_C,C,108.07995611318883,107.68239565889908,-0.39756045428974573
pentane,H-H_C,C,108.31081642204569,107.49210871943347,-0.8187077026122154
phenol,C-H_O,O,108.46490312804934,108.7873497231374,0.32244659508805285
phenol,C-O_C,C,121.37804310907657,122.60085161423861,1.2228085051620354
phenol,C-O_C,C,117.76364312315852,117.32404938499819,-0.4395937381603261
phenol,C-C_C,C,120.85831376771279,120.07509900071167,-0.7832147670011125
phenol,C-C_C,C,119.38937028077818,119.7612721442381,0.37190186345992515
phenol,C-H_C,C,121.29544415174908,119.94823479171022,-1.3472093600388604
phenol,C-H_C,C,119.31518556725972,120.29049306399125,0.9753074967315314
phenol,C-C_C,C,120.10453642871242,120.53273444281281,0.4281980141003885
phenol,C-H_C,C,120.01779010134067,119.29232241537183,-0.7254676859688374
phenol,C-H_C,C,119.87767346973152,120.1749431417549,0.2972696720233756
phenol,C-C_C,C,120.03981470922689,119.27205097748485,-0.7677637317420363
phenol,C-H_C,C,120.01912183529106,120.32764763353849,0.3085257982474303
phenol,C-H_C,C,119.94106345538154,120.40030138891595,0.45923793353441056
phenol,C-C_C,C,119.94638829008268,120.77501967926372,0.8286313891810408
phenol,C-H_C,C,120.12800529479499,120.00509084325536,-0.12291445153962854
phenol,C-H_C,C,119.92560641470581,119.21988947742048,-0.7057169372853309
phenol,C-C_C,C,119.66157652308179,119.5838237553871,-0.0777527676946903
phenol,C-H_C,C,120.30891819917633,121.4710804875368,1.162162288360463
phenol,C-H_C,C,120.02950527766411,118.9450957570154,-1.0844095206487196
piperidine,C-C_C,C,110.54676150408342,110.745796385389,0.1990348813055789
piperidine,C-H_C,C,109.4512210254799,109.12349231947668,-0.3277287060032137
piperidine,C-H_C,C,110.10347540523709,110.57409204780667,0.47061664256958124
piperidine,C-H_C,C,109.45131966316617,109.12345742539269,-0.32786223777348766
piperidine,C-H_C,C,110.1035084143536,110.57414113921205,0.4706327248584472
piperidine,H-H_C,C,107.11594463843048,106.59055342579173,-0.5253912126387519
piperidine,C-C_C,C,111.26564375254894,110.65337536700912,-0.6122683855398208
piperidine,C-H_C,C,109.39843254950802,109.6083273112799,0.20989476177187782
piperidine,C-H_C,C,109.7396704189809,110.64707484858187,0.9074044296009731
piperidine,C-H_C,C,109.57000855784258,108.54049420408435,-1.0295143537582305
piperidine,C-H_C,C,109.80396624011318,109.83680731270326,0.03284107259007385
piperidine,H-H_C,C,106.96410425957313,107.47479657267118,0.5106923130980476
piperidine,C-N_C,C,111.4719197217656,109.59881384286624,-1.8731058788993664
piperidine,C-H_C,C,110.2268272066677,108.77594369288701,-1.4508835137806955
piperidine,C-H_C,C,109.1109263686908,110.38828551369735,1.2773591450065567
piperidine,H-N_C,C,110.0684504196718,112.44773441676918,2.3792839970973745
piperidine,H-N_C,C,108.85207015058252,108.42147328034407,-0.43059687023844617
piperidine,H-H_C,C,106.99023262402511,107.18325527248388,0.19302264845876493
piperidine,C-C_N,N,111.46206732929114,112.0400140336782,0.5779467043870596
piperidine,C-H_N,N,109.25045449826276,109.633959377578,0.3835048793152396
piperidine,C-H_N,N,109.25045685704043,109.63398611465378,0.3835292576133469
piperidine,C-N_C,C,111.47199835242671,109.59883298772927,-1.8731653646974422
piperidine,H-N_C,C,110.06857421946391,112.44777492509199,2.3792007056280795
piperidine,H-N_C,C,108.85199985560017,108.42149601384217,-0.4305038417579965
piperidine,C-H_C,C,110.22676975827521,108.77592203741742,-1.4508477208577943
piperidine,C-H_C,C,109.11088655208403,110.38824884225853,1.2773622901745085
piperidine,H-H_C,C,106.99019080277095,107.18322898460784,0.19303818183688293
piperidine,C-C_C,C,111.2657412189071,110.65336303569639,-0.6123781832107085
piperidine,C-H_C,C,109.57002908023362,108.54049467018639,-1.0295344100472335
piperidine,C-H_C,C,109.8039313431924,109.83683290166016,0.03290155846775633
piperidine,C-H_C,C,109.39843778862199,109.6083063089201,0.20986852029811587
piperidine,C-H_C,C,109.73963645047776,110.64710523965982,0.9074687891820616
piperidine,H-H_C,C,106.96404375218593,107.47477247277806,0.5107287205921267
propane,C-H_C,C,111.0019144883287,111.11709665712807,0.11518216879937881
propane,C-H_C,C,110.27626392856473,111.5173155153957,1.241051586830963
propane,C-H_C,C,111.00197657687293,111.11708613418838,0.11510955731544925
propane,H-H_C,C,108.08461418017107,107.69985084460967,-0.3847633355614022
propane,H-H_C,C,108.28484874908742,107.5035919450638,-0.781256804023613
propane,H-H_C,C,108.08455086988894,107.69984297887915,-0.3847078910097963
propane,C-C_C,C,111.65870918163249,112.90921679525798,1.2505076136254871
propane,C-H_C,C,109.44594676007837,109.39700504581089,-0.04894171426748528
propane,C-H_C,C,109.44605166794628,109.39702456643562,-0.04902710151066003
propane,C-H_C,C,109.4459605565981,109.39700504581089,-0.04895551078720928
propane,C-H_C,C,109.44598117117116,109.39702456643562,-0.04895660473553676
propane,H-H_C,C,107.29663291840097,106.11665817250966,-1.1799747458913146
propane,C-H_C,C,110.2763006379915,111.5173155154051,1.2410148774136047
propane,C-H_C,C,111.00188653620755,111.11709665712807,0.11521012092052274
propane,C-H_C,C,111.0019190786232,111.11713196125294,0.11521288262973428
propane,H-H_C,C,108.08457175621162,107.69980659820297,-0.38476515800864775
propane,H-H_C,C,108.08455185854145,107.69984160093787,-0.38471025760357236
propane,H-H_C,C,108.28494076921997,107.50358901148778,-0.781351757732196
propionic_acid,C-H_C,C,111.04327023443213,110.98534016909854,-0.05793006533359346
propionic_acid,C-H_C,C,110.40273805764286,110.39279429354862,-0.009943764094245466
propionic_acid,C-H_C,C,111.04329711593962,110.98542419472406,-0.0578729212155622
propionic_acid,H-H_C,C,108.23725277731293,108.46405612088216,0.22680334356923026
propionic_acid,H-H_C,C,107.76415175335318,107.44323517965707,-0.3209165736961097
propionic_acid,H-H_C,C,108.2373116879293,108.46412447854419,0.22681279061488624
propionic_acid,C-C_C,C,111.81667295198524,112.84438922970557,1.0277162777203301
propionic_acid,C-H_C,C,109.43332714136695,111.52408354760398,2.090756406237034
propionic_acid,C-H_C,C,109.43342412958407,111.5240080518779,2.090583922293831
propionic_acid,C-H_C,C,108.48585074211552,107.59119376822586,-0.8946569738896528
propionic_acid,C-H_C,C,108.48598147615898,107.59148365620914,-0.8944978199498479
propionic_acid,H-H_C,C,109.14071989494191,105.37571498560506,-3.7650049093368523
propionic_acid,C-O_C,C,127.64761001537474,126.14454100061138,-1.503069014763355
propionic_acid,C-O_C,C,111.81750911639585,111.48029569644041,-0.3372134199554466
propionic_acid,O-O_C,C,120.53488086778948,122.37516293108118,1.8402820632916956
propionic_acid,C-H_O,O,103.94772221883207,105.9426982191833,1.9949760003512296
propylene,C-H_C,C,109.91566648594005,111.19315687915102,1.277490393210968
propylene,C-H_C,C,109.91567723792879,111.19315477663592,1.2774775387071315
propylene,C-H_C,C,112.1818434774899,111.50610230197464,-0.6757411755152702
propylene,H-H_C,C,108.3468434853937,106.54582916154384,-1.80101432384987
propylene,H-H_C,C,108.19007689686767,108.09918949828833,-0.09088739857934058
propylene,H-H_C,C,108.19015393298015,108.09913940188905,-0.0910145310911048
propylene,C-C_C,C,124.15215543228996,125.21708331874304,1.0649278864530771
propylene,C-H_C,C,116.69510718358968,115.90490124873898,-0.7902059348507038
propylene,C-H_C,C,119.15273738406107,118.87801543245908,-0.27472195160198964
propylene,C-H_C,C,121.75588197108493,121.64095830918842,-0.11492366189651193
propylene,C-H_C,C,120.75591398689127,121.83467683044135,1.0787628435500807
propylene,H-H_C,C,117.48820404171882,116.52436486029717,-0.9638391814216476
propyne,C-H_C,C,110.8274091046323,111.2072847890082,0.3798756843759037
propyne,C-H_C,C,110.82738608237106,111.20776162443488,0.38037554206381685
propyne,C-H_C,C,110.82737565040942,111.20468321025808,0.37730755984865993
propyne,H-H_C,C,108.08161498276075,107.68094126900893,-0.4006737137518286
propyne,H-H_C,C,108.08170363293289,107.68184260749527,-0.39986102543761604
propyne,H-H_C,C,108.08167336145107,107.68170706700967,-0.3999662944413984
propyne,C-C_C,C,179.99985499414288,179.99487010703052,-0.004984887112357228
propyne,C-H_C,C,179.99984880490703,179.99075601178876,-0.009092793118270492
pyridine,C-C_C,C,119.31663078316687,118.52225315688209,-0.7943776262847848
pyridine,C-H_C,C,120.34169464420876,120.73887342152847,0.3971787773197093
pyridine,C-H_C,C,120.34167457249498,120.73887342152847,0.39719884903348657
pyridine,C-C_C,C,118.234311121375,118.42417011841641,0.18985899704141218
pyridine,C-H_C,C,121.11594464011092,121.27301335418578,0.15706871407485323
pyridine,C-H_C,C,120.64974423835568,120.30281652733684,-0.3469277110188358
pyridine,C-N_C,C,123.79743163952688,123.76717003118877,-0.030261608338108203
pyridine,C-H_C,C,121.00900846118516,120.31330481524418,-0.6957036459409807
pyridine,H-N_C,C,115.1935598992205,115.91952515350545,0.7259652542849437
pyridine,C-C_N,N,116.61992428950096,117.09503004724331,0.4751057577423552
pyridine,C-N_C,C,123.79743917821662,123.76720818521665,-0.030230992999975115
pyridine,H-N_C,C,115.19355733054913,115.91947271874423,0.725915388195105
pyridine,C-H_C,C,121.0090034911725,120.31331909597755,-0.6956843951949594
pyridine,C-C_C,C,118.23426298805586,118.42416846094761,0.18990547289175197
pyridine,C-H_C,C,120.64973804420097,120.30286475944386,-0.346873284757109
pyridine,C-H_C,C,121.11599896762532,121.27296677954757,0.15696781192225728
pyrrole,C-C_C,C,107.33812016088183,107.42706659425474,0.08894643337291086
pyrrole,C-H_C,C,126.88813155003025,126.83079729066435,-0.057334259365902085
pyrrole,C-H_C,C,125.77374828899953,125.74213611455454,-0.03161217444498732
pyrrole,C-C_C,C,107.33810771971845,107.42706659481964,0.08895887510118428
pyrrole,C-H_C,C,126.88808061691488,126.83087143725969,-0.05720917965518879
pyrrole,C-H_C,C,125.7738116627351,125.74206196785244,-0.03174969488266299
pyrrole,C-N_C,C,107.99476518520522,107.66885704508783,-0.32590814011739155
pyrrole,C-H_C,C,131.23562448105474,131.25223372518974,0.016609244134997425
pyrrole,H-N_C,C,120.76961033329417,121.07890922857612,0.3092988952819553
pyrrole,C-C_N,N,109.33420692568673,109.80815271637955,0.4739457906928237
pyrrole,C-H_N,N,125.33293745293633,125.09598048220357,-0.23695697073276278
pyrrole,C-H_N,N,125.33285562120541,125.09586679886078,-0.23698882234462815
pyrrole,C-N_C,C,107.99480000748315,107.66885704456689,-0.32594296291625824
pyrrole,H-N_C,C,120.76969225175002,121.0789577375691,0.30926548581908264
pyrrole,C-H_C,C,131.23550774046282,131.25218521693895,0.016677476476132824
tert-butanol,C-H_C,C,111.62253903838398,111.53387359891425,-0.08866543946972172
tert-butanol,C-H_C,C,110.8190120067411,110.23983609649325,-0.5791759102478551
tert-butanol,C-H_C,C,110.90983550473577,110.74981310478992,-0.160022399945845
tert-butanol,H-H_C,C,108.51911423502939,108.54620417983857,0.027089944809176814
tert-butanol,H-H_C,C,108.40290425030936,107.54008642051885,-0.8628178297905151
tert-butanol,H-H_C,C,106.38164396528516,108.11464669882578,1.7330027335406157
tert-butanol,C-C_C,C,110.89569190707122,110.91113261245529,0.015440705384065723
tert-butanol,C-C_C,C,110.59650378894146,110.90395330734422,0.3074495184027626
tert-butanol,C-O_C,C,108.55612673696928,109.56694795066227,1.0108212136929922
tert-butanol,C-C_C,C,110.59652677247547,110.903980386847,0.30745361437152496
tert-butanol,C-O_C,C,108.55620813415503,109.56694246914195,1.0107343349869211
tert-butanol,C-O_C,C,107.53257213918575,104.80556309685142,-2.7270090423343305
tert-butanol,C-H_C,C,110.8189952919107,110.23983728162486,-0.5791580102858376
tert-butanol,C-H_C,C,110.90970338482987,110.74984117074324,-0.1598622140866297
tert-butanol,C-H_C,C,111.62246730474061,111.5338985425973,-0.08856876214331066
tert-butanol,H-H_C,C,106.38174834419377,108.1146789025892,1.732930558395438
tert-butanol,H-H_C,C,108.51921508494706,108.54616769953321,0.026952614586150503
tert-butanol,H-H_C,C,108.4029332250685,107.54003459124982,-0.8628986338186735
tert-butanol,C-H_C,C,110.85160636192622,110.2339118675885,-0.6176944943377123
tert-butanol,C-H_C,C,111.6671861449628,110.94795687065167,-0.7192292743111324
tert-butanol,C-H_C,C,110.85160938476248,110.23393472088254,-0.6176746638799386
tert-butanol,H-H_C,C,108.46299645359618,108.61551532082635,0.15251886723017094
tert-butanol,H-H_C,C,106.35566034755381,108.12097051068712,1.7653101631333072
tert-butanol,H-H_C,C,108.46309303376506,108.61548314242037,0.152390108655311
tert-butanol,C-H_O,O,107.97412541319213,107.27444827115038,-0.6996771420417502
thiophene,C-C_C,C,112.01902860395987,112.75476807325231,0.7357394692924402
thiophene,C-H_C,C,124.63165628930467,123.9327256243493,-0.6989306649553697
thiophene,C-H_C,C,123.34931510660898,123.31250630160632,-0.03680880500266426
thiophene,C-C_C,C,112.01895377868252,112.75476807445708,0.7358142957745599
thiophene,C-H_C,C,124.63160204868278,123.9327256239624,-0.6988764247203818
thiophene,C-H_C,C,123.34944417216357,123.31250630127306,-0.036937870890511704
thiophene,C-S_C,C,112.08309465159083,111.48865966743551,-0.5944349841553134
thiophene,C-H_C,C,127.81900660086825,128.37255623452822,0.5535496336599692
thiophene,H-S_C,C,120.09789874733808,120.13878409797832,0.040885350640238016
thiophene,C-C_S,S,91.79584294879932,91.5131445157553,-0.2826984330440183
thiophene,C-S_C,C,112.08308001506664,111.48865966615358,-0.5944203489130615
thiophene,H-S_C,C,120.0978751326842,120.13878409820734,0.04090896552314405
thiophene,C-H_C,C,127.81904485194279,128.37255623481633,0.5535113828735376
toluene,C-H_C,C,110.89880404988675,111.4824192845228,0.5836152346360564
toluene,C-H_C,C,110.89869929301535,111.48241489082908,0.5837155978137218
toluene,C-H_C,C,109.99219700146317,111.2652748536297,1.2730778521665371
toluene,H-H_C,C,107.22254514376831,107.93833025894969,0.7157851151813759
toluene,H-H_C,C,108.87533830374299,107.2265550513678,-1.6487832523751962
toluene,H-H_C,C,108.87552024159656,107.22656153523364,-1.6489587063629187
toluene,C-C_C,C,120.43546445216464,120.88116928784473,0.4457048356800897
toluene,C-C_C,C,120.43551772232819,120.88116928784473,0.44565156551654184
toluene,C-C_C,C,119.07315160291444,118.22777974210544,-0.8453718608089957
toluene,C-C_C,C,120.43131529208235,121.01462868560857,0.5833133935262254
toluene,C-H_C,C,120.31589925441958,119.3525856965114,-0.9633135579081795
toluene,C-H_C,C,119.25276591987273,119.63266805112646,0.3799021312537292
toluene,C-C_C,C,120.0663933286228,120.14784025206254,0.08144692343974214
toluene,C-H_C,C,119.9410324816945,119.7522222597521,-0.18881022194240416
toluene,C-H_C,C,119.99233827254051,120.09944394244451,0.10710566990400139
toluene,C-C_C,C,119.9202422686719,119.44650026478334,-0.47374200388856025
toluene,C-H_C,C,120.03960520183796,120.27644187160666,0.23683666976870654
toluene,C-H_C,C,120.0396405627398,120.27646256516668,0.23682200242687657
toluene,C-C_C,C,120.06640278007224,120.14790200142004,0.08149922134779786
toluene,C-H_C,C,119.99241482236195,120.09944930091739,0.10703447855543402
toluene,C-H_C,C,119.94094656342689,119.7521551537555,-0.18879140967139563
toluene,C-C_C,C,120.43133930120615,121.0145876301789,0.5832483289727435
toluene,C-H_C,C,119.25279254774554,119.63270910621235,0.37991655846680317
toluene,C-H_C,C,120.31584854996632,119.3525856965114,-0.9632628534549212
trimethylamine,H-N_C,C,110.54548831321797,109.72389387290534,-0.8215944403126372
trimethylamine,H-N_C,C,112.25211247162818,113.30323757670078,1.0511251050726003
trimethylamine,H-N_C,C,110.54542554427547,109.73135744864695,-0.814068095628528
trimethylamine,H-H_C,C,108.33829782311902,107.92759382758189,-0.41070399553713344
trimethylamine,H-H_C,C,106.62162714966632,108.08420295728854,1.4625758076222155
trimethylamine,H-H_C,C,108.33843994919427,107.9189988511923,-0.41944109800196827
trimethylamine,C-C_N,N,110.45238836038155,111.54877971677091,1.0963913563893612
trimethylamine,C-C_N,N,110.45244050282744,111.53542151384659,1.0829810110191431
trimethylamine,C-C_N,N,110.45243091369515,111.55406227943634,1.1016313657411843
trimethylamine,H-N_C,C,110.54540217655261,109.72840957632214,-0.8169926002304777
trimethylamine,H-N_C,C,112.25213842133066,113.30729894491425,1.055160523583595
trimethylamine,H-N_C,C,110.54540414949228,109.73615091154353,-0.8092532379487523
trimethylamine,H-H_C,C,108.33844815009377,107.92081739137343,-0.4176307587203354
trimethylamine,H-H_C,C,106.62156187325037,108.07437278650663,1.4528109132562577
trimethylamine,H-H_C,C,108.33843634338933,107.92130544944803,-0.4171308939413052
trimethylamine,H-N_C,C,110.54544457371195,109.7187199917351,-0.8267245819768476
trimethylamine,H-N_C,C,112.25214258956247,113.30344557905433,1.0513029894918589
trimethylamine,H-N_C,C,110.54539347506008,109.73172877661774,-0.8136646984423379
trimethylamine,H-H_C,C,108.33839780327574,107.93066026261207,-0.40773754066367474
trimethylamine,H-H_C,C,106.62154227139217,108.08595217001906,1.464409898626883
trimethylamine,H-H_C,C,108.33846829465298,107.91898884469391,-0.41947944995906994
