mol_name,smiles,bond_idx,elem1,elem2,bond_order,hybridization_1,hybridization_2,is_in_ring,ring_size,mmff_length,dft_length
methane,C,0,C,H,1.0,SP3,OTHER,0,0,1.092199966626533,1.0932999146012041
methane,C,1,C,H,1.0,SP3,OTHER,0,0,1.0921993810586965,1.0932999146012041
methane,C,2,C,H,1.0,SP3,OTHER,0,0,1.0921991361656536,1.0932999146012041
methane,C,3,C,H,1.0,SP3,OTHER,0,0,1.0921992163634802,1.0932999146012041
ethane,CC,0,C,C,1.0,SP3,SP3,0,0,1.5120584363512544,1.5308620000026127
ethane,CC,1,C,H,1.0,SP3,OTHER,0,0,1.0940841142412223,1.0961449681378828
ethane,CC,2,C,H,1.0,SP3,OTHER,0,0,1.0940830820394767,1.096131770194168
ethane,CC,3,C,H,1.0,SP3,OTHER,0,0,1.094085007915747,1.0961367070406867
ethane,CC,4,C,H,1.0,SP3,OTHER,0,0,1.0940841539872517,1.0961311695326432
ethane,CC,5,C,H,1.0,SP3,OTHER,0,0,1.0940837831030126,1.0961363432935705
ethane,CC,6,C,H,1.0,SP3,OTHER,0,0,1.0940832187918796,1.0961449681378828
propane,CCC,0,C,C,1.0,SP3,SP3,0,0,1.5193317936895812,1.5325785695441525
propane,CCC,1,C,C,1.0,SP3,SP3,0,0,1.5193322673826157,1.5325785695441525
propane,CCC,2,C,H,1.0,SP3,OTHER,0,0,1.0947188514244195,1.097154428184565
propane,CCC,3,C,H,1.0,SP3,OTHER,0,0,1.0944846673265916,1.0962011336584176
propane,CCC,4,C,H,1.0,SP3,OTHER,0,0,1.0947194797293962,1.0971541703835428
propane,CCC,5,C,H,1.0,SP3,OTHER,0,0,1.095630910332946,1.0984450613430787
propane,CCC,6,C,H,1.0,SP3,OTHER,0,0,1.0956319736882454,1.0984456623447516
propane,CCC,7,C,H,1.0,SP3,OTHER,0,0,1.0944845046628116,1.0962011336579616
propane,CCC,8,C,H,1.0,SP3,OTHER,0,0,1.0947189209354151,1.097154428184565
propane,CCC,9,C,H,1.0,SP3,OTHER,0,0,1.0947185815272342,1.0971542115696407
butane,CCCC,0,C,C,1.0,SP3,SP3,0,0,1.5209163830253787,1.5332386466656127
butane,CCCC,1,C,C,1.0,SP3,SP3,0,0,1.5289508340080789,1.5378843283901427
butane,CCCC,2,C,C,1.0,SP3,SP3,0,0,1.520916539553042,1.5332386466656127
butane,CCCC,3,C,H,1.0,SP3,OTHER,0,0,1.0939208517900187,1.0957990213702509
butane,CCCC,4,C,H,1.0,SP3,OTHER,0,0,1.094563154553907,1.097465904171059
butane,CCCC,5,C,H,1.0,SP3,OTHER,0,0,1.0947769772250417,1.0960899400988955
butane,CCCC,6,C,H,1.0,SP3,OTHER,0,0,1.096233142130359,1.099722716663614
butane,CCCC,7,C,H,1.0,SP3,OTHER,0,0,1.0965381498233429,1.0985299294393396
butane,CCCC,8,C,H,1.0,SP3,OTHER,0,0,1.0962324706853925,1.099722716663614
butane,CCCC,9,C,H,1.0,SP3,OTHER,0,0,1.096537587006027,1.0985299294393396
butane,CCCC,10,C,H,1.0,SP3,OTHER,0,0,1.0947765099347904,1.0960899400988955
butane,CCCC,11,C,H,1.0,SP3,OTHER,0,0,1.0939211207897945,1.0957990213702509
butane,CCCC,12,C,H,1.0,SP3,OTHER,0,0,1.0945622902868526,1.097465904171059
pentane,CCCCC,0,C,C,1.0,SP3,SP3,0,0,1.5203786675187203,1.532277511727233
pentane,CCCCC,1,C,C,1.0,SP3,SP3,0,0,1.528452712180851,1.5341788597803714
pentane,CCCCC,2,C,C,1.0,SP3,SP3,0,0,1.5284520232113927,1.5341788597803714
pentane,CCCCC,3,C,C,1.0,SP3,SP3,0,0,1.5203787520052363,1.532277511727233
pentane,CCCCC,4,C,H,1.0,SP3,OTHER,0,0,1.094492646324771,1.096092558557442
pentane,CCCCC,5,C,H,1.0,SP3,OTHER,0,0,1.0946851563445081,1.0970430347894289
pentane,CCCCC,6,C,H,1.0,SP3,OTHER,0,0,1.094685897262772,1.0970436246827198
pentane,CCCCC,7,C,H,1.0,SP3,OTHER,0,0,1.0962297102496357,1.0993566067418705
pentane,CCCCC,8,C,H,1.0,SP3,OTHER,0,0,1.0962286574985167,1.0993566067418705
pentane,CCCCC,9,C,H,1.0,SP3,OTHER,0,0,1.0968811006804702,1.1004418980050696
pentane,CCCCC,10,C,H,1.0,SP3,OTHER,0,0,1.0968811620216659,1.1004418980050696
pentane,CCCCC,11,C,H,1.0,SP3,OTHER,0,0,1.0962294801080659,1.0993566067418705
pentane,CCCCC,12,C,H,1.0,SP3,OTHER,0,0,1.0962296904011497,1.0993566067418705
pentane,CCCCC,13,C,H,1.0,SP3,OTHER,0,0,1.0944928026172671,1.096092558557442
pentane,CCCCC,14,C,H,1.0,SP3,OTHER,0,0,1.0946857027731751,1.0970436246827198
pentane,CCCCC,15,C,H,1.0,SP3,OTHER,0,0,1.094685275023374,1.0970430347894289
hexane,CCCCCC,0,C,C,1.0,SP3,SP3,0,0,1.52091717668879,1.5335675830096305
hexane,CCCCCC,1,C,C,1.0,SP3,SP3,0,0,1.5311340735327525,1.5384505670413984
hexane,CCCCCC,2,C,C,1.0,SP3,SP3,0,0,1.5310928468727818,1.536014898448905
hexane,CCCCCC,3,C,C,1.0,SP3,SP3,0,0,1.5311327782583066,1.5384504664561027
hexane,CCCCCC,4,C,C,1.0,SP3,SP3,0,0,1.5209157417966976,1.533567761258041
hexane,CCCCCC,5,C,H,1.0,SP3,OTHER,0,0,1.0937341182705238,1.0957377890106739
hexane,CCCCCC,6,C,H,1.0,SP3,OTHER,0,0,1.094533998933336,1.0974704167625657
hexane,CCCCCC,7,C,H,1.0,SP3,OTHER,0,0,1.0948206600873038,1.0961136761244248
hexane,CCCCCC,8,C,H,1.0,SP3,OTHER,0,0,1.0961928363540787,1.099633018781266
hexane,CCCCCC,9,C,H,1.0,SP3,OTHER,0,0,1.0966640069009286,1.098486721917475
hexane,CCCCCC,10,C,H,1.0,SP3,OTHER,0,0,1.0966893235305977,1.1008797887458015
hexane,CCCCCC,11,C,H,1.0,SP3,OTHER,0,0,1.0957994646658666,1.0979008118163498
hexane,CCCCCC,12,C,H,1.0,SP3,OTHER,0,0,1.0957991188867604,1.0979004456639045
hexane,CCCCCC,13,C,H,1.0,SP3,OTHER,0,0,1.0966893914545721,1.1008797887458015
hexane,CCCCCC,14,C,H,1.0,SP3,OTHER,0,0,1.096664051863195,1.0984875309865834
hexane,CCCCCC,15,C,H,1.0,SP3,OTHER,0,0,1.096194124897593,1.0996321647228222
hexane,CCCCCC,16,C,H,1.0,SP3,OTHER,0,0,1.0945344303465288,1.0974704167625657
hexane,CCCCCC,17,C,H,1.0,SP3,OTHER,0,0,1.0948212007017402,1.0961136761244248
hexane,CCCCCC,18,C,H,1.0,SP3,OTHER,0,0,1.0937340389057113,1.0957374051304445
neopentane,CC(C)(C)C,0,C,C,1.0,SP3,SP3,0,0,1.5353373686392187,1.5402171428006508
neopentane,CC(C)(C)C,1,C,C,1.0,SP3,SP3,0,0,1.5353370434126183,1.5401893357418757
neopentane,CC(C)(C)C,2,C,C,1.0,SP3,SP3,0,0,1.535336531156606,1.5402680527275114
neopentane,CC(C)(C)C,3,C,C,1.0,SP3,SP3,0,0,1.5353376020735634,1.5402887903471219
neopentane,CC(C)(C)C,4,C,H,1.0,SP3,OTHER,0,0,1.0958099052851273,1.0971462956825766
neopentane,CC(C)(C)C,5,C,H,1.0,SP3,OTHER,0,0,1.0958106584688798,1.0971673648978992
neopentane,CC(C)(C)C,6,C,H,1.0,SP3,OTHER,0,0,1.0958101632897006,1.0971621781418643
neopentane,CC(C)(C)C,7,C,H,1.0,SP3,OTHER,0,0,1.0958094984996252,1.0971065875447108
neopentane,CC(C)(C)C,8,C,H,1.0,SP3,OTHER,0,0,1.0958107427881878,1.097133765577835
neopentane,CC(C)(C)C,9,C,H,1.0,SP3,OTHER,0,0,1.0958097106231537,1.0971597972091396
neopentane,CC(C)(C)C,10,C,H,1.0,SP3,OTHER,0,0,1.0958101869525578,1.0971514705030476
neopentane,CC(C)(C)C,11,C,H,1.0,SP3,OTHER,0,0,1.0958108423651411,1.0971249146810949
neopentane,CC(C)(C)C,12,C,H,1.0,SP3,OTHER,0,0,1.0958095564768542,1.0971662865281633
neopentane,CC(C)(C)C,13,C,H,1.0,SP3,OTHER,0,0,1.095809267357235,1.0971496903458526
neopentane,CC(C)(C)C,14,C,H,1.0,SP3,OTHER,0,0,1.0958094089489285,1.0971415739652746
neopentane,CC(C)(C)C,15,C,H,1.0,SP3,OTHER,0,0,1.095810079178413,1.0971245129706109
cyclohexane,C1CCCCC1,0,C,C,1.0,SP3,SP3,1,6,1.5263366654447503,1.5370034151377152
cyclohexane,C1CCCCC1,1,C,C,1.0,SP3,SP3,1,6,1.526336939113052,1.5372431654650476
cyclohexane,C1CCCCC1,2,C,C,1.0,SP3,SP3,1,6,1.5263364957511825,1.5371074494627888
cyclohexane,C1CCCCC1,3,C,C,1.0,SP3,SP3,1,6,1.5263366654447503,1.5370034151377152
cyclohexane,C1CCCCC1,4,C,C,1.0,SP3,SP3,1,6,1.5263374499546292,1.5372431654650476
cyclohexane,C1CCCCC1,5,C,C,1.0,SP3,SP3,1,6,1.5263366865338066,1.5371074494627888
cyclohexane,C1CCCCC1,6,C,H,1.0,SP3,OTHER,0,0,1.0969979719826286,1.1004051070242267
cyclohexane,C1CCCCC1,7,C,H,1.0,SP3,OTHER,0,0,1.0957991733515773,1.0977463937599614
cyclohexane,C1CCCCC1,8,C,H,1.0,SP3,OTHER,0,0,1.0969978370429907,1.100444078658248
cyclohexane,C1CCCCC1,9,C,H,1.0,SP3,OTHER,0,0,1.0957992620138053,1.0977256654620042
cyclohexane,C1CCCCC1,10,C,H,1.0,SP3,OTHER,0,0,1.0969986417863058,1.1004068184330738
cyclohexane,C1CCCCC1,11,C,H,1.0,SP3,OTHER,0,0,1.0957995652540657,1.097754409575293
cyclohexane,C1CCCCC1,12,C,H,1.0,SP3,OTHER,0,0,1.096997945459334,1.1004051070242267
cyclohexane,C1CCCCC1,13,C,H,1.0,SP3,OTHER,0,0,1.0957986009449912,1.0977463937599614
cyclohexane,C1CCCCC1,14,C,H,1.0,SP3,OTHER,0,0,1.0957982129247157,1.0977256654620042
cyclohexane,C1CCCCC1,15,C,H,1.0,SP3,OTHER,0,0,1.096999124227089,1.100444034575589
cyclohexane,C1CCCCC1,16,C,H,1.0,SP3,OTHER,0,0,1.095799017540169,1.097754409575293
cyclohexane,C1CCCCC1,17,C,H,1.0,SP3,OTHER,0,0,1.0969978047553242,1.1004067590673003
ethylene,C=C,0,C,C,2.0,SP2,SP2,0,0,1.3357879509577857,1.330966
ethylene,C=C,1,C,H,1.0,SP2,OTHER,0,0,1.085491590350197,1.0874719855242247
ethylene,C=C,2,C,H,1.0,SP2,OTHER,0,0,1.0854919517463038,1.0874719855242247
ethylene,C=C,3,C,H,1.0,SP2,OTHER,0,0,1.085491590350197,1.0874719855242247
ethylene,C=C,4,C,H,1.0,SP2,OTHER,0,0,1.0854919517463038,1.0874719855242247
propylene,CC=C,0,C,C,1.0,SP3,SP2,0,0,1.4934366964652366,1.5020066390282703
propylene,CC=C,1,C,C,2.0,SP2,SP2,0,0,1.3385792730585664,1.333342667687868
propylene,CC=C,2,C,H,1.0,SP3,OTHER,0,0,1.0942472256277371,1.0984584026862374
propylene,CC=C,3,C,H,1.0,SP3,OTHER,0,0,1.094246074496957,1.0984589918062486
propylene,CC=C,4,C,H,1.0,SP3,OTHER,0,0,1.0946067388633236,1.0952211144362585
propylene,CC=C,5,C,H,1.0,SP2,OTHER,0,0,1.0877871026561219,1.0911948199455492
propylene,CC=C,6,C,H,1.0,SP2,OTHER,0,0,1.0855943080331618,1.0884820514138025
propylene,CC=C,7,C,H,1.0,SP2,OTHER,0,0,1.085737783900422,1.08673957732154
isobutylene,CC(=C)C,0,C,C,1.0,SP3,SP2,0,0,1.5014216301778789,1.5090263865055509
isobutylene,CC(=C)C,1,C,C,2.0,SP2,SP2,0,0,1.3422651718025018,1.336445
isobutylene,CC(=C)C,2,C,C,1.0,SP2,SP3,0,0,1.5014218054863864,1.5090263865055509
isobutylene,CC(=C)C,3,C,H,1.0,SP3,OTHER,0,0,1.0948110877265538,1.098897024994608
isobutylene,CC(=C)C,4,C,H,1.0,SP3,OTHER,0,0,1.0948110218635907,1.098896134740677
isobutylene,CC(=C)C,5,C,H,1.0,SP3,OTHER,0,0,1.0951168861404705,1.094462690788955
isobutylene,CC(=C)C,6,C,H,1.0,SP2,OTHER,0,0,1.0859018332197437,1.0873246286463856
isobutylene,CC(=C)C,7,C,H,1.0,SP2,OTHER,0,0,1.0859018533150222,1.0873246286463856
isobutylene,CC(=C)C,8,C,H,1.0,SP3,OTHER,0,0,1.0951176980293031,1.0944626907871278
isobutylene,CC(=C)C,9,C,H,1.0,SP3,OTHER,0,0,1.0948107229932487,1.0988958810456066
isobutylene,CC(=C)C,10,C,H,1.0,SP3,OTHER,0,0,1.094810306528487,1.0988966819724226
acetylene,C#C,0,C,C,3.0,SP,SP,0,0,1.200302509232152,1.204968
acetylene,C#C,1,C,H,1.0,SP,OTHER,0,0,1.0658044540486777,1.066645
acetylene,C#C,2,C,H,1.0,SP,OTHER,0,0,1.0658044701393403,1.066645
propyne,CC#C,0,C,C,1.0,SP3,SP,0,0,1.4632930284075027,1.4602600011316476
propyne,CC#C,1,C,C,3.0,SP,SP,0,0,1.2007042531185603,1.2071600017238808
propyne,CC#C,2,C,H,1.0,SP3,OTHER,0,0,1.0941610721900135,1.0965618365568812
propyne,CC#C,3,C,H,1.0,SP3,OTHER,0,0,1.09416052536408,1.0965618641371766
propyne,CC#C,4,C,H,1.0,SP3,OTHER,0,0,1.09416013479472,1.096555887362336
propyne,CC#C,5,C,H,1.0,SP,OTHER,0,0,1.0657096610376582,1.0660700103651728
benzene,c1ccccc1,0,C,C,1.5,SP2,SP2,1,6,1.3948256331161972,1.3968230068297844
benzene,c1ccccc1,1,C,C,1.5,SP2,SP2,1,6,1.39482607478101,1.396819372529605
benzene,c1ccccc1,2,C,C,1.5,SP2,SP2,1,6,1.394825847061919,1.3968202882042484
benzene,c1ccccc1,3,C,C,1.5,SP2,SP2,1,6,1.3948256528634682,1.3968230068297844
benzene,c1ccccc1,4,C,C,1.5,SP2,SP2,1,6,1.394826082700277,1.396819372529605
benzene,c1ccccc1,5,C,C,1.5,SP2,SP2,1,6,1.394825847061919,1.3968202882042484
benzene,c1ccccc1,6,C,H,1.0,SP2,OTHER,0,0,1.0867301249132648,1.0870791762967404
benzene,c1ccccc1,7,C,H,1.0,SP2,OTHER,0,0,1.0867295113509157,1.08708092794005
benzene,c1ccccc1,8,C,H,1.0,SP2,OTHER,0,0,1.086730421687918,1.0870796580881277
benzene,c1ccccc1,9,C,H,1.0,SP2,OTHER,0,0,1.0867301486652519,1.0870791762962806
benzene,c1ccccc1,10,C,H,1.0,SP2,OTHER,0,0,1.0867295816632583,1.0870809279892644
benzene,c1ccccc1,11,C,H,1.0,SP2,OTHER,0,0,1.0867304513130198,1.0870796581410216
toluene,Cc1ccccc1,0,C,C,1.0,SP3,SP2,0,0,1.4998133696700402,1.5125754439303185
toluene,Cc1ccccc1,1,C,C,1.5,SP2,SP2,1,6,1.4003808091333587,1.4010800351450303
toluene,Cc1ccccc1,2,C,C,1.5,SP2,SP2,1,6,1.3959733166507875,1.395562591554388
toluene,Cc1ccccc1,3,C,C,1.5,SP2,SP2,1,6,1.3936056534030707,1.395936285679615
toluene,Cc1ccccc1,4,C,C,1.5,SP2,SP2,1,6,1.3936047245201917,1.3959354220794027
toluene,Cc1ccccc1,5,C,C,1.5,SP2,SP2,1,6,1.3959733012192606,1.3955625893054742
toluene,Cc1ccccc1,6,C,C,1.5,SP2,SP2,1,6,1.4003803733539684,1.4010800351450303
toluene,Cc1ccccc1,7,C,H,1.0,SP3,OTHER,0,0,1.0950884979548454,1.0953955956557428
toluene,Cc1ccccc1,8,C,H,1.0,SP3,OTHER,0,0,1.0950893062020102,1.095395547697269
toluene,Cc1ccccc1,9,C,H,1.0,SP3,OTHER,0,0,1.0943089303021336,1.0981646516410914
toluene,Cc1ccccc1,10,C,H,1.0,SP2,OTHER,0,0,1.08754963494316,1.088063240063738
toluene,Cc1ccccc1,11,C,H,1.0,SP2,OTHER,0,0,1.0867303567753135,1.0871259872070946
toluene,Cc1ccccc1,12,C,H,1.0,SP2,OTHER,0,0,1.0866126778010645,1.0868098842359686
toluene,Cc1ccccc1,13,C,H,1.0,SP2,OTHER,0,0,1.0867301505898326,1.0871268564891587
toluene,Cc1ccccc1,14,C,H,1.0,SP2,OTHER,0,0,1.087551436879654,1.088063240063738
naphthalene,c1ccc2ccccc2c1,0,C,C,1.5,SP2,SP2,1,6,1.3918141389319914,1.416926
naphthalene,c1ccc2ccccc2c1,1,C,C,1.5,SP2,SP2,1,6,1.395893037094533,1.376591129088445
naphthalene,c1ccc2ccccc2c1,2,C,C,1.5,SP2,SP2,1,6,1.4044162185025493,1.4210662225990736
naphthalene,c1ccc2ccccc2c1,3,C,C,1.5,SP2,SP2,1,6,1.40441559943558,1.4210662225990736
naphthalene,c1ccc2ccccc2c1,4,C,C,1.5,SP2,SP2,1,6,1.3958945477656972,1.376591129088445
naphthalene,c1ccc2ccccc2c1,5,C,C,1.5,SP2,SP2,1,6,1.391812678142429,1.416926
naphthalene,c1ccc2ccccc2c1,6,C,C,1.5,SP2,SP2,1,6,1.3958945610500098,1.376591129088445
naphthalene,c1ccc2ccccc2c1,7,C,C,1.5,SP2,SP2,1,6,1.4044160103010788,1.4210662225990736
naphthalene,c1ccc2ccccc2c1,8,C,C,1.5,SP2,SP2,1,6,1.4044164964172843,1.4210662225990736
naphthalene,c1ccc2ccccc2c1,9,C,C,1.5,SP2,SP2,1,6,1.395894352667493,1.376591129088445
naphthalene,c1ccc2ccccc2c1,10,C,C,1.5,SP2,SP2,1,6,1.4141335267198072,1.433854
naphthalene,c1ccc2ccccc2c1,11,C,H,1.0,SP2,OTHER,0,0,1.0867922675755473,1.086715891296801
naphthalene,c1ccc2ccccc2c1,12,C,H,1.0,SP2,OTHER,0,0,1.086793079020105,1.086715891296801
naphthalene,c1ccc2ccccc2c1,13,C,H,1.0,SP2,OTHER,0,0,1.0875665053935784,1.087694655627672
naphthalene,c1ccc2ccccc2c1,14,C,H,1.0,SP2,OTHER,0,0,1.0875670535006103,1.087694655627672
naphthalene,c1ccc2ccccc2c1,15,C,H,1.0,SP2,OTHER,0,0,1.0867936266771165,1.086715891296801
naphthalene,c1ccc2ccccc2c1,16,C,H,1.0,SP2,OTHER,0,0,1.086792408638835,1.086715891296801
naphthalene,c1ccc2ccccc2c1,17,C,H,1.0,SP2,OTHER,0,0,1.0875657050242984,1.087694655627672
naphthalene,c1ccc2ccccc2c1,18,C,H,1.0,SP2,OTHER,0,0,1.0875663017499209,1.087694655627672
pyridine,c1ccncc1,0,C,C,1.5,SP2,SP2,1,6,1.3909628656926827,1.3948179976254969
pyridine,c1ccncc1,1,C,C,1.5,SP2,SP2,1,6,1.3858063695523988,1.3961501698116145
pyridine,c1ccncc1,2,C,N,1.5,SP2,SP2,1,6,1.3508959496297264,1.3392353783995552
pyridine,c1ccncc1,3,C,N,1.5,SP2,SP2,1,6,1.350895440393149,1.3392359001908514
pyridine,c1ccncc1,4,C,C,1.5,SP2,SP2,1,6,1.3858073604487748,1.3961491706275515
pyridine,c1ccncc1,5,C,C,1.5,SP2,SP2,1,6,1.3909631319812183,1.3948179976254969
pyridine,c1ccncc1,6,C,H,1.0,SP2,OTHER,0,0,1.0861270409183266,1.086844
pyridine,c1ccncc1,7,C,H,1.0,SP2,OTHER,0,0,1.0839936458503803,1.0863150013923217
pyridine,c1ccncc1,8,C,H,1.0,SP2,OTHER,0,0,1.0861458036677212,1.089267467960464
pyridine,c1ccncc1,9,C,H,1.0,SP2,OTHER,0,0,1.0861455303250114,1.0892688493319727
pyridine,c1ccncc1,10,C,H,1.0,SP2,OTHER,0,0,1.0839934002299092,1.086315470681054
furan,c1ccoc1,0,C,C,1.5,SP2,SP2,1,5,1.4159486027575297,1.4359900000055712
furan,c1ccoc1,1,C,C,1.5,SP2,SP2,1,5,1.3755009429607818,1.3606787309210797
furan,c1ccoc1,2,C,O,1.5,SP2,SP2,1,5,1.3582062916884168,1.3640675554579398
furan,c1ccoc1,3,C,O,1.5,SP2,SP2,1,5,1.3582068750753693,1.3640675554550075
furan,c1ccoc1,4,C,C,1.5,SP2,SP2,1,5,1.375500718903847,1.3606787309166701
furan,c1ccoc1,5,C,H,1.0,SP2,OTHER,0,0,1.0807655472710074,1.0811497952434714
furan,c1ccoc1,6,C,H,1.0,SP2,OTHER,0,0,1.080765007735724,1.0811499821005408
furan,c1ccoc1,7,C,H,1.0,SP2,OTHER,0,0,1.0810722255358334,1.0793687600153155
furan,c1ccoc1,8,C,H,1.0,SP2,OTHER,0,0,1.0810723702884095,1.0793688054344541
thiophene,c1ccsc1,0,C,C,1.5,SP2,SP2,1,5,1.4251527027774953,1.4296580000055958
thiophene,c1ccsc1,1,C,C,1.5,SP2,SP2,1,5,1.3777324505759454,1.3674297133768887
thiophene,c1ccsc1,2,C,S,1.5,SP2,SP2,1,5,1.7116081741651623,1.7361324457989948
thiophene,c1ccsc1,3,C,S,1.5,SP2,SP2,1,5,1.711607449391945,1.736132445805043
thiophene,c1ccsc1,4,C,C,1.5,SP2,SP2,1,5,1.3777323295361112,1.3674297133948055
thiophene,c1ccsc1,5,C,H,1.0,SP2,OTHER,0,0,1.0830806528661658,1.084798073621999
thiophene,c1ccsc1,6,C,H,1.0,SP2,OTHER,0,0,1.0830803750059366,1.084798073617851
thiophene,c1ccsc1,7,C,H,1.0,SP2,OTHER,0,0,1.0813256739451809,1.081625667741849
thiophene,c1ccsc1,8,C,H,1.0,SP2,OTHER,0,0,1.081325708575358,1.081625667745547
pyrrole,c1cc[nH]c1,0,C,C,1.5,SP2,SP2,1,5,1.415462869099716,1.4252120000014032
pyrrole,c1cc[nH]c1,1,C,C,1.5,SP2,SP2,1,5,1.3770808783252346,1.3782459286451747
pyrrole,c1cc[nH]c1,2,C,N,1.5,SP2,SP2,1,5,1.3705656122703502,1.3754484177132924
pyrrole,c1cc[nH]c1,3,C,N,1.5,SP2,SP2,1,5,1.3705653535169346,1.3754484177132924
pyrrole,c1cc[nH]c1,4,C,C,1.5,SP2,SP2,1,5,1.3770801622033482,1.3782459286509792
pyrrole,c1cc[nH]c1,5,C,H,1.0,SP2,OTHER,0,0,1.0823038569057213,1.0817228518853617
pyrrole,c1cc[nH]c1,6,C,H,1.0,SP2,OTHER,0,0,1.0823034640182947,1.0817226509309121
pyrrole,c1cc[nH]c1,7,C,H,1.0,SP2,OTHER,0,0,1.0816789340876523,1.0804952998944513
pyrrole,c1cc[nH]c1,8,H,N,1.0,OTHER,SP2,0,0,1.0119251261713982,1.0079890000009921
pyrrole,c1cc[nH]c1,9,C,H,1.0,SP2,OTHER,0,0,1.0816792644051192,1.0804948959513876
piperidine,C1CCNCC1,0,C,C,1.0,SP3,SP3,1,6,1.5254663945161164,1.5368967237029951
piperidine,C1CCNCC1,1,C,C,1.0,SP3,SP3,1,6,1.527414782673652,1.5328555552592034
piperidine,C1CCNCC1,2,C,N,1.0,SP3,SP3,1,6,1.4634033029858857,1.4650457078664816
piperidine,C1CCNCC1,3,C,N,1.0,SP3,SP3,1,6,1.4634022424056892,1.4650446625717592
piperidine,C1CCNCC1,4,C,C,1.0,SP3,SP3,1,6,1.527415804481216,1.5328559291303276
piperidine,C1CCNCC1,5,C,C,1.0,SP3,SP3,1,6,1.525467310201369,1.5368963896756347
piperidine,C1CCNCC1,6,C,H,1.0,SP3,OTHER,0,0,1.0969529989903852,1.1003414673354812
piperidine,C1CCNCC1,7,C,H,1.0,SP3,OTHER,0,0,1.0954819871075012,1.09725252114953
piperidine,C1CCNCC1,8,C,H,1.0,SP3,OTHER,0,0,1.097435986986485,1.0977300798106062
piperidine,C1CCNCC1,9,C,H,1.0,SP3,OTHER,0,0,1.0957925530258912,1.0973919079513024
piperidine,C1CCNCC1,10,C,H,1.0,SP3,OTHER,0,0,1.0969080229326433,1.1097551434812096
piperidine,C1CCNCC1,11,C,H,1.0,SP3,OTHER,0,0,1.095451841247711,1.0964318428292752
piperidine,C1CCNCC1,12,H,N,1.0,OTHER,SP3,0,0,1.0196079932292605,1.0178298567864867
piperidine,C1CCNCC1,13,C,H,1.0,SP3,OTHER,0,0,1.0969064985467083,1.1097551503502923
piperidine,C1CCNCC1,14,C,H,1.0,SP3,OTHER,0,0,1.0954514492053034,1.0964327249352783
piperidine,C1CCNCC1,15,C,H,1.0,SP3,OTHER,0,0,1.0974362715820907,1.0977300478109362
piperidine,C1CCNCC1,16,C,H,1.0,SP3,OTHER,0,0,1.0957928808337825,1.0973914137348624
morpholine,C1COCCN1,0,C,C,1.0,SP3,SP3,1,6,1.5364219182766823,1.5316375905474506
morpholine,C1COCCN1,1,C,O,1.0,SP3,SP3,1,6,1.4333947635909656,1.4236145598644319
morpholine,C1COCCN1,2,C,O,1.0,SP3,SP3,1,6,1.4333929225111308,1.4236145598644319
morpholine,C1COCCN1,3,C,C,1.0,SP3,SP3,1,6,1.5364231890628313,1.5316375905474506
morpholine,C1COCCN1,4,C,N,1.0,SP3,SP3,1,6,1.475561798084038,1.4691378561680315
morpholine,C1COCCN1,5,C,N,1.0,SP3,SP3,1,6,1.4755618860857718,1.4691378561680315
morpholine,C1COCCN1,6,C,H,1.0,SP3,OTHER,0,0,1.096691070348437,1.0979560180485375
morpholine,C1COCCN1,7,C,H,1.0,SP3,OTHER,0,0,1.0949728920270128,1.096865104007781
morpholine,C1COCCN1,8,C,H,1.0,SP3,OTHER,0,0,1.0966032190272834,1.1059384472767912
morpholine,C1COCCN1,9,C,H,1.0,SP3,OTHER,0,0,1.0945696770758817,1.09547078456753
morpholine,C1COCCN1,10,C,H,1.0,SP3,OTHER,0,0,1.0966028517973132,1.1059384472767912
morpholine,C1COCCN1,11,C,H,1.0,SP3,OTHER,0,0,1.094570072675569,1.09547078456753
morpholine,C1COCCN1,12,C,H,1.0,SP3,OTHER,0,0,1.094974988621658,1.096865104007781
morpholine,C1COCCN1,13,C,H,1.0,SP3,OTHER,0,0,1.0966945240972985,1.0979560704008153
morpholine,C1COCCN1,14,H,N,1.0,OTHER,SP3,0,0,1.0202139619344561,1.0210988268512504
THF,C1CCOC1,0,C,C,1.0,SP3,SP3,1,5,1.507188794694613,1.5359528979773438
THF,C1CCOC1,1,C,C,1.0,SP3,SP3,1,5,1.513244568184535,1.5338796514642208
THF,C1CCOC1,2,C,O,1.0,SP3,SP3,1,5,1.4346884377958165,1.4315480604454047
THF,C1CCOC1,3,C,O,1.0,SP3,SP3,1,5,1.4346883943247049,1.4315486338528636
THF,C1CCOC1,4,C,C,1.0,SP3,SP3,1,5,1.513244311537962,1.533879002287338
THF,C1CCOC1,5,C,H,1.0,SP3,OTHER,0,0,1.096451575388079,1.096678766737097
THF,C1CCOC1,6,C,H,1.0,SP3,OTHER,0,0,1.0930219023830217,1.0944762285856189
THF,C1CCOC1,7,C,H,1.0,SP3,OTHER,0,0,1.0964510722303116,1.0966785647317083
THF,C1CCOC1,8,C,H,1.0,SP3,OTHER,0,0,1.0930211675695032,1.0944756709612142
THF,C1CCOC1,9,C,H,1.0,SP3,OTHER,0,0,1.095241287794612,1.1012228571006868
THF,C1CCOC1,10,C,H,1.0,SP3,OTHER,0,0,1.093563682433721,1.0963963257317126
THF,C1CCOC1,11,C,H,1.0,SP3,OTHER,0,0,1.0952406712344096,1.1012232405688684
THF,C1CCOC1,12,C,H,1.0,SP3,OTHER,0,0,1.0935629911573452,1.096397284735784
dioxane,C1COCCO1,0,C,C,1.0,SP3,SP3,1,6,1.5278882759972994,1.5223379728483424
dioxane,C1COCCO1,1,C,O,1.0,SP3,SP3,1,6,1.4352348079979806,1.4274498436309417
dioxane,C1COCCO1,2,C,O,1.0,SP3,SP3,1,6,1.435233285774825,1.4274506022479376
dioxane,C1COCCO1,3,C,C,1.0,SP3,SP3,1,6,1.527894633375286,1.5223391841984493
dioxane,C1COCCO1,4,C,O,1.0,SP3,SP3,1,6,1.4352305422408624,1.4274486551417533
dioxane,C1COCCO1,5,C,O,1.0,SP3,SP3,1,6,1.435230485686881,1.427450746208779
dioxane,C1COCCO1,6,C,H,1.0,SP3,OTHER,0,0,1.095773902413267,1.1015033783284554
dioxane,C1COCCO1,7,C,H,1.0,SP3,OTHER,0,0,1.0940610503317445,1.0960572859125566
dioxane,C1COCCO1,8,C,H,1.0,SP3,OTHER,0,0,1.0957805180828868,1.1015031614167068
dioxane,C1COCCO1,9,C,H,1.0,SP3,OTHER,0,0,1.0940646193004324,1.0960576990733655
dioxane,C1COCCO1,10,C,H,1.0,SP3,OTHER,0,0,1.09577698960053,1.101503509527319
dioxane,C1COCCO1,11,C,H,1.0,SP3,OTHER,0,0,1.0940641912342253,1.0960578170525495
dioxane,C1COCCO1,12,C,H,1.0,SP3,OTHER,0,0,1.094064396873877,1.0960576979511616
dioxane,C1COCCO1,13,C,H,1.0,SP3,OTHER,0,0,1.0957805057829784,1.1015034627385427
methanol,CO,0,C,O,1.0,SP3,SP3,0,0,1.4157340942341539,1.41915412636683
methanol,CO,1,C,H,1.0,SP3,OTHER,0,0,1.0927578957875346,1.101128136426456
methanol,CO,2,C,H,1.0,SP3,OTHER,0,0,1.0927589700880977,1.1011278012565118
methanol,CO,3,C,H,1.0,SP3,OTHER,0,0,1.0925287711419778,1.0933745441947147
methanol,CO,4,H,O,1.0,OTHER,SP3,0,0,0.9723502732878724,0.968729907332276
ethanol,CCO,0,C,C,1.0,SP3,SP3,0,0,1.5146040762506219,1.5262338800111863
ethanol,CCO,1,C,O,1.0,SP3,SP3,0,0,1.420177823701314,1.4239575546721888
ethanol,CCO,2,C,H,1.0,SP3,OTHER,0,0,1.0949726294688833,1.098077654546344
ethanol,CCO,3,C,H,1.0,SP3,OTHER,0,0,1.0935601200693084,1.09673337694674
ethanol,CCO,4,C,H,1.0,SP3,OTHER,0,0,1.0949488101372593,1.0949861086182784
ethanol,CCO,5,C,H,1.0,SP3,OTHER,0,0,1.0942056068486399,1.102584520592866
ethanol,CCO,6,C,H,1.0,SP3,OTHER,0,0,1.0938675398260065,1.09494502550813
ethanol,CCO,7,H,O,1.0,OTHER,SP3,0,0,0.9724204722557007,0.9699324146712492
1-propanol,CCCO,0,C,C,1.0,SP3,SP3,0,0,1.5221034567029272,1.5316316651421127
1-propanol,CCCO,1,C,C,1.0,SP3,SP3,0,0,1.5227201568738755,1.5243344544718525
1-propanol,CCCO,2,C,O,1.0,SP3,SP3,0,0,1.420351070369224,1.4256294256324116
1-propanol,CCCO,3,C,H,1.0,SP3,OTHER,0,0,1.094678135194542,1.0974756897635591
1-propanol,CCCO,4,C,H,1.0,SP3,OTHER,0,0,1.0946221482000078,1.0957931035528559
1-propanol,CCCO,5,C,H,1.0,SP3,OTHER,0,0,1.0944930578688017,1.093883427974846
1-propanol,CCCO,6,C,H,1.0,SP3,OTHER,0,0,1.0962038534369418,1.097657583900371
1-propanol,CCCO,7,C,H,1.0,SP3,OTHER,0,0,1.0955228595104716,1.0984252598670519
1-propanol,CCCO,8,C,H,1.0,SP3,OTHER,0,0,1.0945576631886509,1.1025468512866017
1-propanol,CCCO,9,C,H,1.0,SP3,OTHER,0,0,1.0947378913881625,1.1034748322952364
1-propanol,CCCO,10,H,O,1.0,OTHER,SP3,0,0,0.9723664388562573,0.9687159910799448
2-propanol,CC(O)C,0,C,C,1.0,SP3,SP3,0,0,1.5210656173492318,1.5303207562890206
2-propanol,CC(O)C,1,C,O,1.0,SP3,SP3,0,0,1.4243172522138459,1.43052935053427
2-propanol,CC(O)C,2,C,C,1.0,SP3,SP3,0,0,1.5210652204077248,1.5303207562890206
2-propanol,CC(O)C,3,C,H,1.0,SP3,OTHER,0,0,1.0953054821541797,1.0945451043355865
2-propanol,CC(O)C,4,C,H,1.0,SP3,OTHER,0,0,1.0956083347957883,1.0989227888446031
2-propanol,CC(O)C,5,C,H,1.0,SP3,OTHER,0,0,1.0941889506881342,1.0964235408262628
2-propanol,CC(O)C,6,C,H,1.0,SP3,OTHER,0,0,1.0949316038132244,1.0966873206493273
2-propanol,CC(O)C,7,H,O,1.0,OTHER,SP3,0,0,0.9725272612009394,0.9712246504501417
2-propanol,CC(O)C,8,C,H,1.0,SP3,OTHER,0,0,1.0953057791653433,1.0945451043355865
2-propanol,CC(O)C,9,C,H,1.0,SP3,OTHER,0,0,1.095608440006739,1.0989227888446031
2-propanol,CC(O)C,10,C,H,1.0,SP3,OTHER,0,0,1.0941886302662809,1.0964226050009185
tert-butanol,CC(C)(C)O,0,C,C,1.0,SP3,SP3,0,0,1.5280365077431888,1.5364829128047601
tert-butanol,CC(C)(C)O,1,C,C,1.0,SP3,SP3,0,0,1.5280364872456416,1.5364828730233213
tert-butanol,CC(C)(C)O,2,C,C,1.0,SP3,SP3,0,0,1.5271588437651138,1.5305870994752309
tert-butanol,CC(C)(C)O,3,C,O,1.0,SP3,SP3,0,0,1.428115629560856,1.4381044447932148
tert-butanol,CC(C)(C)O,4,C,H,1.0,SP3,OTHER,0,0,1.0948525424722726,1.0962566667441525
tert-butanol,CC(C)(C)O,5,C,H,1.0,SP3,OTHER,0,0,1.0959654484065635,1.0949838411529185
tert-butanol,CC(C)(C)O,6,C,H,1.0,SP3,OTHER,0,0,1.0959849924510827,1.098260947898085
tert-butanol,CC(C)(C)O,7,C,H,1.0,SP3,OTHER,0,0,1.0959642731809283,1.0949841223478995
tert-butanol,CC(C)(C)O,8,C,H,1.0,SP3,OTHER,0,0,1.095984134251039,1.098260888507371
tert-butanol,CC(C)(C)O,9,C,H,1.0,SP3,OTHER,0,0,1.0948534647691444,1.0962565825996213
tert-butanol,CC(C)(C)O,10,C,H,1.0,SP3,OTHER,0,0,1.0960630280371655,1.094925642840645
tert-butanol,CC(C)(C)O,11,C,H,1.0,SP3,OTHER,0,0,1.0948733705803608,1.0953020949646723
tert-butanol,CC(C)(C)O,12,C,H,1.0,SP3,OTHER,0,0,1.0960633424898398,1.094925973721968
tert-butanol,CC(C)(C)O,13,H,O,1.0,OTHER,SP3,0,0,0.9725166882336777,0.970759797628126
cyclohexanol,OC1CCCCC1,0,C,O,1.0,SP3,SP3,0,0,1.426168841351542,1.4331994262830279
cyclohexanol,OC1CCCCC1,1,C,C,1.0,SP3,SP3,1,6,1.5286930370421004,1.5327069894040413
cyclohexanol,OC1CCCCC1,2,C,C,1.0,SP3,SP3,1,6,1.5291172150705126,1.5366044477932503
cyclohexanol,OC1CCCCC1,3,C,C,1.0,SP3,SP3,1,6,1.5259841310937672,1.5370180211676114
cyclohexanol,OC1CCCCC1,4,C,C,1.0,SP3,SP3,1,6,1.5260023768936273,1.5369834195283305
cyclohexanol,OC1CCCCC1,5,C,C,1.0,SP3,SP3,1,6,1.5288259534433604,1.535883819595089
cyclohexanol,OC1CCCCC1,6,C,C,1.0,SP3,SP3,1,6,1.5295243342748752,1.5381927318938287
cyclohexanol,OC1CCCCC1,7,H,O,1.0,OTHER,SP3,0,0,0.9723623413491496,0.9700233901417015
cyclohexanol,OC1CCCCC1,8,C,H,1.0,SP3,OTHER,0,0,1.095578222796072,1.1028688681021872
cyclohexanol,OC1CCCCC1,9,C,H,1.0,SP3,OTHER,0,0,1.0963759470405212,1.0963653593424045
cyclohexanol,OC1CCCCC1,10,C,H,1.0,SP3,OTHER,0,0,1.0968133064697019,1.0991878624479983
cyclohexanol,OC1CCCCC1,11,C,H,1.0,SP3,OTHER,0,0,1.0959321935051456,1.097425203979752
cyclohexanol,OC1CCCCC1,12,C,H,1.0,SP3,OTHER,0,0,1.096868357490998,1.0968448353459117
cyclohexanol,OC1CCCCC1,13,C,H,1.0,SP3,OTHER,0,0,1.0970027342723443,1.1009689791842456
cyclohexanol,OC1CCCCC1,14,C,H,1.0,SP3,OTHER,0,0,1.0958069204038636,1.0975321094701513
cyclohexanol,OC1CCCCC1,15,C,H,1.0,SP3,OTHER,0,0,1.0959196647660814,1.0973525252388134
cyclohexanol,OC1CCCCC1,16,C,H,1.0,SP3,OTHER,0,0,1.0968571952670048,1.0976252383486815
cyclohexanol,OC1CCCCC1,17,C,H,1.0,SP3,OTHER,0,0,1.096264323780994,1.1003467789065409
cyclohexanol,OC1CCCCC1,18,C,H,1.0,SP3,OTHER,0,0,1.0968233132925285,1.0997347095849979
phenol,Oc1ccccc1,0,C,O,1.0,SP2,SP2,0,0,1.3637265254800903,1.3694526522830206
phenol,Oc1ccccc1,1,C,C,1.5,SP2,SP2,1,6,1.3920910645360094,1.3991675565281663
phenol,Oc1ccccc1,2,C,C,1.5,SP2,SP2,1,6,1.3959742745520063,1.3955978783392444
phenol,Oc1ccccc1,3,C,C,1.5,SP2,SP2,1,6,1.3959703245660346,1.3953751544745951
phenol,Oc1ccccc1,4,C,C,1.5,SP2,SP2,1,6,1.3953715934746558,1.397787977785615
phenol,Oc1ccccc1,5,C,C,1.5,SP2,SP2,1,6,1.3946911737320202,1.3931578417401238
phenol,Oc1ccccc1,6,C,C,1.5,SP2,SP2,1,6,1.390410071753294,1.3989244346886647
phenol,Oc1ccccc1,7,H,O,1.0,OTHER,SP2,0,0,0.9709463411749385,0.9695865722172519
phenol,Oc1ccccc1,8,C,H,1.0,SP2,OTHER,0,0,1.0850703852653985,1.0890845533391795
phenol,Oc1ccccc1,9,C,H,1.0,SP2,OTHER,0,0,1.0869152270669502,1.0867987385183147
phenol,Oc1ccccc1,10,C,H,1.0,SP2,OTHER,0,0,1.087010277878733,1.0859878627190087
phenol,Oc1ccccc1,11,C,H,1.0,SP2,OTHER,0,0,1.0866382144375375,1.0868591053825696
phenol,Oc1ccccc1,12,C,H,1.0,SP2,OTHER,0,0,1.0860753169145316,1.085502675418168
dimethyl_ether,COC,0,C,O,1.0,SP3,SP3,0,0,1.4211622045762404,1.4099317939847302
dimethyl_ether,COC,1,C,O,1.0,SP3,SP3,0,0,1.4211629160419998,1.4099317939847302
dimethyl_ether,COC,2,C,H,1.0,SP3,OTHER,0,0,1.0932917326372684,1.0932749947735017
dimethyl_ether,COC,3,C,H,1.0,SP3,OTHER,0,0,1.0943153660375973,1.1029556362655752
dimethyl_ether,COC,4,C,H,1.0,SP3,OTHER,0,0,1.0943152682577357,1.1029558612519361
dimethyl_ether,COC,5,C,H,1.0,SP3,OTHER,0,0,1.0943149836920811,1.1029556362655752
dimethyl_ether,COC,6,C,H,1.0,SP3,OTHER,0,0,1.0943143035878677,1.1029558612519361
dimethyl_ether,COC,7,C,H,1.0,SP3,OTHER,0,0,1.0932922702063708,1.0932749947735017
diethyl_ether,CCOCC,0,C,C,1.0,SP3,SP3,0,0,1.5184952734918207,1.5278773692322298
diethyl_ether,CCOCC,1,C,O,1.0,SP3,SP3,0,0,1.4257107936411928,1.4229222893095743
diethyl_ether,CCOCC,2,C,O,1.0,SP3,SP3,0,0,1.425711580133233,1.4229222893095743
diethyl_ether,CCOCC,3,C,C,1.0,SP3,SP3,0,0,1.518494818090928,1.5278773692322298
diethyl_ether,CCOCC,4,C,H,1.0,SP3,OTHER,0,0,1.0940533972686157,1.0958725309026593
diethyl_ether,CCOCC,5,C,H,1.0,SP3,OTHER,0,0,1.0938132105291105,1.0968203478665046
diethyl_ether,CCOCC,6,C,H,1.0,SP3,OTHER,0,0,1.0949655599008583,1.094890912474389
diethyl_ether,CCOCC,7,C,H,1.0,SP3,OTHER,0,0,1.0949270311577846,1.0959522185939494
diethyl_ether,CCOCC,8,C,H,1.0,SP3,OTHER,0,0,1.0948614579758482,1.1010326502592918
diethyl_ether,CCOCC,9,C,H,1.0,SP3,OTHER,0,0,1.0949266739211352,1.0959522185939494
diethyl_ether,CCOCC,10,C,H,1.0,SP3,OTHER,0,0,1.0948620946082661,1.1010326502592918
diethyl_ether,CCOCC,11,C,H,1.0,SP3,OTHER,0,0,1.094054288036019,1.0958732690188222
diethyl_ether,CCOCC,12,C,H,1.0,SP3,OTHER,0,0,1.0949648831094996,1.094890912474389
diethyl_ether,CCOCC,13,C,H,1.0,SP3,OTHER,0,0,1.0938125067729842,1.0968203478665046
formaldehyde,C=O,0,C,O,2.0,SP2,SP2,0,0,1.2246315049409762,1.206545
formaldehyde,C=O,1,C,H,1.0,SP2,OTHER,0,0,1.1016991913789353,1.1101098625780244
formaldehyde,C=O,2,C,H,1.0,SP2,OTHER,0,0,1.101700327088088,1.1101098625780244
acetaldehyde,CC=O,0,C,C,1.0,SP3,SP2,0,0,1.4975707545708816,1.5083388422851147
acetaldehyde,CC=O,1,C,O,2.0,SP2,SP2,0,0,1.2265372191654031,1.2105276872955033
acetaldehyde,CC=O,2,C,H,1.0,SP3,OTHER,0,0,1.0927769485649852,1.0923510679598387
acetaldehyde,CC=O,3,C,H,1.0,SP3,OTHER,0,0,1.092443298177988,1.0980681782134476
acetaldehyde,CC=O,4,C,H,1.0,SP3,OTHER,0,0,1.0924411369483484,1.098069126587666
acetaldehyde,CC=O,5,C,H,1.0,SP2,OTHER,0,0,1.1030572420731393,1.114256335584411
acetone,CC(C)=O,0,C,C,1.0,SP3,SP2,0,0,1.5047662195470763,1.5205426061876728
acetone,CC(C)=O,1,C,C,1.0,SP2,SP3,0,0,1.504765413886497,1.5205426061876728
acetone,CC(C)=O,2,C,O,2.0,SP2,SP2,0,0,1.2300623328697615,1.215703
acetone,CC(C)=O,3,C,H,1.0,SP3,OTHER,0,0,1.0927571198738537,1.0973969695734538
acetone,CC(C)=O,4,C,H,1.0,SP3,OTHER,0,0,1.0935218663492743,1.0917622483439333
acetone,CC(C)=O,5,C,H,1.0,SP3,OTHER,0,0,1.0927573878194556,1.0973975642555436
acetone,CC(C)=O,6,C,H,1.0,SP3,OTHER,0,0,1.092756691539338,1.0973975642555436
acetone,CC(C)=O,7,C,H,1.0,SP3,OTHER,0,0,1.0935223359611819,1.0917622483439333
acetone,CC(C)=O,8,C,H,1.0,SP3,OTHER,0,0,1.0927573183035657,1.0973969695734538
MEK,CCC(C)=O,0,C,C,1.0,SP3,SP3,0,0,1.5153784005115687,1.5408833355335503
MEK,CCC(C)=O,1,C,C,1.0,SP3,SP2,0,0,1.5130691083294907,1.5262910233222236
MEK,CCC(C)=O,2,C,C,1.0,SP2,SP3,0,0,1.506203563728024,1.5194276321302704
MEK,CCC(C)=O,3,C,O,2.0,SP2,SP2,0,0,1.2309826803789727,1.2165923303235147
MEK,CCC(C)=O,4,C,H,1.0,SP3,OTHER,0,0,1.0942960678189426,1.0949032791278874
MEK,CCC(C)=O,5,C,H,1.0,SP3,OTHER,0,0,1.0950350880528896,1.0946471614333086
MEK,CCC(C)=O,6,C,H,1.0,SP3,OTHER,0,0,1.0946368557877997,1.096247930107966
MEK,CCC(C)=O,7,C,H,1.0,SP3,OTHER,0,0,1.0949053149496535,1.0971015246188476
MEK,CCC(C)=O,8,C,H,1.0,SP3,OTHER,0,0,1.0956935513198935,1.0948858068547607
MEK,CCC(C)=O,9,C,H,1.0,SP3,OTHER,0,0,1.0921840903281828,1.0970788503539752
MEK,CCC(C)=O,10,C,H,1.0,SP3,OTHER,0,0,1.0936828627390118,1.091840829701381
MEK,CCC(C)=O,11,C,H,1.0,SP3,OTHER,0,0,1.0928457739740773,1.098104920139237
cyclohexanone,O=C1CCCCC1,0,C,O,2.0,SP2,SP2,0,0,1.2301025365468525,1.2164224440320888
cyclohexanone,O=C1CCCCC1,1,C,C,1.0,SP2,SP3,1,6,1.512325117837431,1.5246267499037265
cyclohexanone,O=C1CCCCC1,2,C,C,1.0,SP3,SP3,1,6,1.5225104350000362,1.5437911016423174
cyclohexanone,O=C1CCCCC1,3,C,C,1.0,SP3,SP3,1,6,1.5271356994465162,1.5352138952869074
cyclohexanone,O=C1CCCCC1,4,C,C,1.0,SP3,SP3,1,6,1.5271351309851398,1.5352138952869074
cyclohexanone,O=C1CCCCC1,5,C,C,1.0,SP3,SP3,1,6,1.5225107674670153,1.5437911016423174
cyclohexanone,O=C1CCCCC1,6,C,C,1.0,SP3,SP2,1,6,1.51232585343371,1.5246267499037265
cyclohexanone,O=C1CCCCC1,7,C,H,1.0,SP3,OTHER,0,0,1.095367710725946,1.1012105875163025
cyclohexanone,O=C1CCCCC1,8,C,H,1.0,SP3,OTHER,0,0,1.094983723068521,1.093969810538207
cyclohexanone,O=C1CCCCC1,9,C,H,1.0,SP3,OTHER,0,0,1.0972981403155662,1.0989614219916912
cyclohexanone,O=C1CCCCC1,10,C,H,1.0,SP3,OTHER,0,0,1.0957006300358687,1.0966505206550532
cyclohexanone,O=C1CCCCC1,11,C,H,1.0,SP3,OTHER,0,0,1.0967507090588087,1.100187964579235
cyclohexanone,O=C1CCCCC1,12,C,H,1.0,SP3,OTHER,0,0,1.0957990489072347,1.097006071809997
cyclohexanone,O=C1CCCCC1,13,C,H,1.0,SP3,OTHER,0,0,1.0957004046526586,1.0966505206550532
cyclohexanone,O=C1CCCCC1,14,C,H,1.0,SP3,OTHER,0,0,1.0972979262397244,1.0989614219916912
cyclohexanone,O=C1CCCCC1,15,C,H,1.0,SP3,OTHER,0,0,1.0949836382750202,1.093969810538207
cyclohexanone,O=C1CCCCC1,16,C,H,1.0,SP3,OTHER,0,0,1.0953680985362864,1.1012105875163025
formic_acid,OC=O,0,C,O,1.0,SP2,SP2,0,0,1.3417202384733562,1.346880777227888
formic_acid,OC=O,1,C,O,2.0,SP2,SP2,0,0,1.2165352635563014,1.204692098501937
formic_acid,OC=O,2,H,O,1.0,OTHER,SP2,0,0,0.9802185721016511,0.9773251498298813
formic_acid,OC=O,3,C,H,1.0,SP2,OTHER,0,0,1.099755280544722,1.0996134041061887
acetic_acid,CC(=O)O,0,C,C,1.0,SP3,SP2,0,0,1.4928374982807069,1.5082880618386527
acetic_acid,CC(=O)O,1,C,O,2.0,SP2,SP2,0,0,1.218758076612828,1.2100569925292775
acetic_acid,CC(=O)O,2,C,O,1.0,SP2,SP2,0,0,1.3457524247278916,1.3584377409679107
acetic_acid,CC(=O)O,3,C,H,1.0,SP3,OTHER,0,0,1.0927565575941423,1.0950200759442723
acetic_acid,CC(=O)O,4,C,H,1.0,SP3,OTHER,0,0,1.0927573596819196,1.0950193277431226
acetic_acid,CC(=O)O,5,C,H,1.0,SP3,OTHER,0,0,1.0936784302682394,1.090069035504174
acetic_acid,CC(=O)O,6,H,O,1.0,OTHER,SP2,0,0,0.9801988521743942,0.9757121084192816
propionic_acid,CCC(=O)O,0,C,C,1.0,SP3,SP3,0,0,1.5183583309881101,1.5273058144621856
propionic_acid,CCC(=O)O,1,C,C,1.0,SP3,SP2,0,0,1.5038107870802762,1.513765933663788
propionic_acid,CCC(=O)O,2,C,O,2.0,SP2,SP2,0,0,1.2185603162851644,1.2109739633906256
propionic_acid,CCC(=O)O,3,C,O,1.0,SP2,SP2,0,0,1.3478693229590175,1.3582867178324318
propionic_acid,CCC(=O)O,4,C,H,1.0,SP3,OTHER,0,0,1.0951179811586513,1.0939198584818726
propionic_acid,CCC(=O)O,5,C,H,1.0,SP3,OTHER,0,0,1.0943075673982152,1.0947211641934216
propionic_acid,CCC(=O)O,6,C,H,1.0,SP3,OTHER,0,0,1.09511871830318,1.0939180390449734
propionic_acid,CCC(=O)O,7,C,H,1.0,SP3,OTHER,0,0,1.0949213018413697,1.0977598054333197
propionic_acid,CCC(=O)O,8,C,H,1.0,SP3,OTHER,0,0,1.0949196791591609,1.0977602736262595
propionic_acid,CCC(=O)O,9,H,O,1.0,OTHER,SP2,0,0,0.9802371199612877,0.9756807195768501
methyl_acetate,COC(C)=O,0,C,O,1.0,SP3,SP2,0,0,1.4281005410919076,1.4360492069800392
methyl_acetate,COC(C)=O,1,C,O,1.0,SP2,SP2,0,0,1.3612252620198466,1.35439904421629
methyl_acetate,COC(C)=O,2,C,C,1.0,SP2,SP3,0,0,1.4980476553060653,1.5108829767053435
methyl_acetate,COC(C)=O,3,C,O,2.0,SP2,SP2,0,0,1.2227820321112017,1.210914354436349
methyl_acetate,COC(C)=O,4,C,H,1.0,SP3,OTHER,0,0,1.0935134725233155,1.0905382458171744
methyl_acetate,COC(C)=O,5,C,H,1.0,SP3,OTHER,0,0,1.0945298869875595,1.093469639392425
methyl_acetate,COC(C)=O,6,C,H,1.0,SP3,OTHER,0,0,1.0945297321904965,1.0934695072369416
methyl_acetate,COC(C)=O,7,C,H,1.0,SP3,OTHER,0,0,1.0937923285656195,1.090445235755102
methyl_acetate,COC(C)=O,8,C,H,1.0,SP3,OTHER,0,0,1.0928676077384671,1.0949383397497778
methyl_acetate,COC(C)=O,9,C,H,1.0,SP3,OTHER,0,0,1.0928681682417143,1.09493742955979
ethyl_acetate,CCOC(C)=O,0,C,C,1.0,SP3,SP3,0,0,1.5162721132214363,1.5173486199515918
ethyl_acetate,CCOC(C)=O,1,C,O,1.0,SP3,SP2,0,0,1.4326605805423698,1.445258672778337
ethyl_acetate,CCOC(C)=O,2,C,O,1.0,SP2,SP2,0,0,1.3611265457293087,1.3533250069828018
ethyl_acetate,CCOC(C)=O,3,C,C,1.0,SP2,SP3,0,0,1.4979655880710343,1.511578080013401
ethyl_acetate,CCOC(C)=O,4,C,O,2.0,SP2,SP2,0,0,1.2227262069375955,1.2113657342359492
ethyl_acetate,CCOC(C)=O,5,C,H,1.0,SP3,OTHER,0,0,1.0950364974803353,1.09471338528265
ethyl_acetate,CCOC(C)=O,6,C,H,1.0,SP3,OTHER,0,0,1.0950365744818755,1.0947137782274414
ethyl_acetate,CCOC(C)=O,7,C,H,1.0,SP3,OTHER,0,0,1.0935641746061366,1.0955931939041061
ethyl_acetate,CCOC(C)=O,8,C,H,1.0,SP3,OTHER,0,0,1.095785129588826,1.0949954118155016
ethyl_acetate,CCOC(C)=O,9,C,H,1.0,SP3,OTHER,0,0,1.0957853112074463,1.0949955751444842
ethyl_acetate,CCOC(C)=O,10,C,H,1.0,SP3,OTHER,0,0,1.0928689555161681,1.0950007521846732
ethyl_acetate,CCOC(C)=O,11,C,H,1.0,SP3,OTHER,0,0,1.0928675717510334,1.0950002598734851
ethyl_acetate,CCOC(C)=O,12,C,H,1.0,SP3,OTHER,0,0,1.0937834959885804,1.0904857804024775
methylamine,CN,0,C,N,1.0,SP3,SP3,0,0,1.451965117013835,1.4655165096118843
methylamine,CN,1,C,H,1.0,SP3,OTHER,0,0,1.0935183701854305,1.0955101598114003
methylamine,CN,2,C,H,1.0,SP3,OTHER,0,0,1.0936971620937856,1.1043307337161274
methylamine,CN,3,C,H,1.0,SP3,OTHER,0,0,1.0935191402613857,1.0955102767884015
methylamine,CN,4,H,N,1.0,OTHER,SP3,0,0,1.0191694459789304,1.0184962072079602
methylamine,CN,5,H,N,1.0,OTHER,SP3,0,0,1.0191700722077743,1.0184962072079602
dimethylamine,CNC,0,C,N,1.0,SP3,SP3,0,0,1.45660750073896,1.4570587018668808
dimethylamine,CNC,1,C,N,1.0,SP3,SP3,0,0,1.4566074681924435,1.4570587018668808
dimethylamine,CNC,2,C,H,1.0,SP3,OTHER,0,0,1.0948510984828028,1.0970342502460897
dimethylamine,CNC,3,C,H,1.0,SP3,OTHER,0,0,1.094927526004347,1.107544547691875
dimethylamine,CNC,4,C,H,1.0,SP3,OTHER,0,0,1.0944163167885428,1.0951112394574352
dimethylamine,CNC,5,H,N,1.0,OTHER,SP3,0,0,1.0196284065231804,1.017945713944511
dimethylamine,CNC,6,C,H,1.0,SP3,OTHER,0,0,1.0949266800060178,1.107544547691875
dimethylamine,CNC,7,C,H,1.0,SP3,OTHER,0,0,1.0948498392884751,1.0970342502460897
dimethylamine,CNC,8,C,H,1.0,SP3,OTHER,0,0,1.0944169449761822,1.0951113143142117
trimethylamine,CN(C)C,0,C,N,1.0,SP3,SP3,0,0,1.4624438906081147,1.4547452345881735
trimethylamine,CN(C)C,1,C,N,1.0,SP3,SP3,0,0,1.4624441186770183,1.454772636086478
trimethylamine,CN(C)C,2,C,N,1.0,SP3,SP3,0,0,1.4624431601634986,1.454749421828378
trimethylamine,CN(C)C,3,C,H,1.0,SP3,OTHER,0,0,1.0957473560401594,1.0956913003766162
trimethylamine,CN(C)C,4,C,H,1.0,SP3,OTHER,0,0,1.0961442676354238,1.1093197113280735
trimethylamine,CN(C)C,5,C,H,1.0,SP3,OTHER,0,0,1.0957480756510594,1.095715032634398
trimethylamine,CN(C)C,6,C,H,1.0,SP3,OTHER,0,0,1.0957485075741602,1.0957084416020533
trimethylamine,CN(C)C,7,C,H,1.0,SP3,OTHER,0,0,1.0961429482371357,1.1093174493628954
trimethylamine,CN(C)C,8,C,H,1.0,SP3,OTHER,0,0,1.0957485448523308,1.095708657148423
trimethylamine,CN(C)C,9,C,H,1.0,SP3,OTHER,0,0,1.0957487312303857,1.095688991991797
trimethylamine,CN(C)C,10,C,H,1.0,SP3,OTHER,0,0,1.0961438305418683,1.1093191620994383
trimethylamine,CN(C)C,11,C,H,1.0,SP3,OTHER,0,0,1.0957484792305212,1.0957081929254704
aniline,Nc1ccccc1,0,C,N,1.0,SP2,SP2,0,0,1.4002622690310553,1.4009784503217741
aniline,Nc1ccccc1,1,C,C,1.5,SP2,SP2,1,6,1.3973238539669322,1.4050923874386338
aniline,Nc1ccccc1,2,C,C,1.5,SP2,SP2,1,6,1.3974269822988963,1.3931289670931402
aniline,Nc1ccccc1,3,C,C,1.5,SP2,SP2,1,6,1.3928198545978587,1.3964909864564112
aniline,Nc1ccccc1,4,C,C,1.5,SP2,SP2,1,6,1.3928205555522937,1.3964909864564112
aniline,Nc1ccccc1,5,C,C,1.5,SP2,SP2,1,6,1.3974273103814738,1.3931289670931402
aniline,Nc1ccccc1,6,C,C,1.5,SP2,SP2,1,6,1.3973237630717514,1.4050923874386338
aniline,Nc1ccccc1,7,H,N,1.0,OTHER,SP2,0,0,1.0149413384038508,1.0130143412928563
aniline,Nc1ccccc1,8,H,N,1.0,OTHER,SP2,0,0,1.0149412521919678,1.0130143412928563
aniline,Nc1ccccc1,9,C,H,1.0,SP2,OTHER,0,0,1.0864940638167335,1.0881366151256011
aniline,Nc1ccccc1,10,C,H,1.0,SP2,OTHER,0,0,1.0865719545805514,1.0872652950715385
aniline,Nc1ccccc1,11,C,H,1.0,SP2,OTHER,0,0,1.0865964135804977,1.085968680484847
aniline,Nc1ccccc1,12,C,H,1.0,SP2,OTHER,0,0,1.0865715183498048,1.0872652950715385
aniline,Nc1ccccc1,13,C,H,1.0,SP2,OTHER,0,0,1.0864944050044623,1.0881366151256011
acetonitrile,CC#N,0,C,C,1.0,SP3,SP,0,0,1.4619165309158388,1.4611160011532283
acetonitrile,CC#N,1,C,N,3.0,SP,SP,0,0,1.1602474548310802,1.1602690017431303
acetonitrile,CC#N,2,C,H,1.0,SP3,OTHER,0,0,1.0940395302917532,1.094628412497136
acetonitrile,CC#N,3,C,H,1.0,SP3,OTHER,0,0,1.0940400455783144,1.0946301389775452
acetonitrile,CC#N,4,C,H,1.0,SP3,OTHER,0,0,1.0940403276415362,1.0946215272759805
acetamide,CC(N)=O,0,C,C,1.0,SP3,SP2,0,0,1.502026927691045,1.5232051741932209
acetamide,CC(N)=O,1,C,N,1.0,SP2,SP2,0,0,1.3617293765054788,1.3693180438203536
acetamide,CC(N)=O,2,C,O,2.0,SP2,SP2,0,0,1.2250402671018614,1.2212793919185732
acetamide,CC(N)=O,3,C,H,1.0,SP3,OTHER,0,0,1.0931534639354166,1.0947956112832202
acetamide,CC(N)=O,4,C,H,1.0,SP3,OTHER,0,0,1.0935667036084264,1.0944898435476687
acetamide,CC(N)=O,5,C,H,1.0,SP3,OTHER,0,0,1.0932977160540491,1.0936483326942898
acetamide,CC(N)=O,6,H,N,1.0,OTHER,SP2,0,0,1.0119917411886328,1.0104313106416485
acetamide,CC(N)=O,7,H,N,1.0,OTHER,SP2,0,0,1.0099301835077512,1.0079495089546897
chloromethane,CCl,0,C,Cl,1.0,SP3,SP3,0,0,1.76696560082108,1.803501
chloromethane,CCl,1,C,H,1.0,SP3,OTHER,0,0,1.092200261458493,1.0901714123957753
chloromethane,CCl,2,C,H,1.0,SP3,OTHER,0,0,1.0922002669584,1.0901714656901453
chloromethane,CCl,3,C,H,1.0,SP3,OTHER,0,0,1.0922012114024595,1.0901714656901453
